url,product_id,category
https://www.amazon.in/LifeDigital-Zed-Note-CX3-Touchscreen/dp/B0854QKMFY/ref=sr_1_20?dchild=1&keywords=laptop&qid=1595401659&sr=8-20#customerReviews,B0854QKMFY,"{'name': 'Laptops', 'url': 'https://www.amazon.in/s?k=laptop'}"
https://www.amazon.in/LifeDigital-Zed-AIR-Windows-Graphics/dp/B0854QFQFV/ref=sr_1_6?dchild=1&keywords=laptop&qid=1595401659&sr=8-6,B0854QFQFV,"{'name': 'Laptops', 'url': 'https://www.amazon.in/s?k=laptop'}"
https://www.amazon.in/LifeDigital-Zed-AIR-Windows-Graphics/dp/B0854QFQFV/ref=sr_1_6?dchild=1&keywords=laptop&qid=1595401659&sr=8-6#customerReviews,B0854QFQFV,"{'name': 'Laptops', 'url': 'https://www.amazon.in/s?k=laptop'}"
https://www.amazon.in/Lenovo-ThinkPad-11-6-Business-Laptop/dp/B0848RB868/ref=sr_1_9?dchild=1&keywords=laptop&qid=1595401659&sr=8-9#customerReviews,B0848RB868,"{'name': 'Laptops', 'url': 'https://www.amazon.in/s?k=laptop'}"
https://www.amazon.in/Lenovo-ThinkPad-11-6-Business-Laptop/dp/B0848RB868/ref=sr_1_9?dchild=1&keywords=laptop&qid=1595401659&sr=8-9,B0848RB868,"{'name': 'Laptops', 'url': 'https://www.amazon.in/s?k=laptop'}"
https://www.amazon.in/Acer-A315-56-15-6-inch-i3-1005G1-Graphics/dp/B088CFBQFN/ref=sr_1_19?dchild=1&keywords=laptop&qid=1595401659&sr=8-19,B088CFBQFN,"{'name': 'Laptops', 'url': 'https://www.amazon.in/s?k=laptop'}"
https://www.amazon.in/Lenovo-Ideapad-A6-9225-Windows-81N30063IN/dp/B081Z4H8BM/ref=sr_1_3?dchild=1&keywords=laptop&qid=1595401659&sr=8-3,B081Z4H8BM,"{'name': 'Laptops', 'url': 'https://www.amazon.in/s?k=laptop'}"
https://www.amazon.in/Lenovo-V14-14-inch-Laptop-82C6000KIH/dp/B08CXSLPTZ/ref=sr_1_7?dchild=1&keywords=laptop&qid=1595401659&sr=8-7,B08CXSLPTZ,"{'name': 'Laptops', 'url': 'https://www.amazon.in/s?k=laptop'}"
https://www.amazon.in/Lenovo-Ideapad-Generation-Windows-81VD00D3IN/dp/B088RM62WJ/ref=sr_1_8?dchild=1&keywords=laptop&qid=1595401659&sr=8-8,B088RM62WJ,"{'name': 'Laptops', 'url': 'https://www.amazon.in/s?k=laptop'}"
https://www.amazon.in/ASUS-VivoBook-i5-1035G1-Transparent-X409JB-EK591T/dp/B089TQWJB5/ref=sr_1_14?dchild=1&keywords=laptop&qid=1595401659&sr=8-14,B089TQWJB5,"{'name': 'Laptops', 'url': 'https://www.amazon.in/s?k=laptop'}"
https://www.amazon.in/HP-ds0058TU-15-6-inch-i3-8130U-Windows/dp/B085W6QPYF/ref=sr_1_15?dchild=1&keywords=laptop&qid=1595401659&sr=8-15#customerReviews,B085W6QPYF,"{'name': 'Laptops', 'url': 'https://www.amazon.in/s?k=laptop'}"
https://www.amazon.in/ASUS-VivoBook-X409FA-EK341T-Integrated-Transparent/dp/B088R77FJ3/ref=sr_1_17?dchild=1&keywords=laptop&qid=1595401659&sr=8-17#customerReviews,B088R77FJ3,"{'name': 'Laptops', 'url': 'https://www.amazon.in/s?k=laptop'}"
https://www.amazon.in/ASUS-VivoBook-i5-1035G1-Graphics-X409JB-EK592T/dp/B089TP2JM7/ref=sr_1_16?dchild=1&keywords=laptop&qid=1595401659&sr=8-16,B089TP2JM7,"{'name': 'Laptops', 'url': 'https://www.amazon.in/s?k=laptop'}"
https://www.amazon.in/Lenovo-Ideapad-Generation-Windows-81VD00D3IN/dp/B088RM62WJ/ref=sr_1_8?dchild=1&keywords=laptop&qid=1595401659&sr=8-8#customerReviews,B088RM62WJ,"{'name': 'Laptops', 'url': 'https://www.amazon.in/s?k=laptop'}"
https://www.amazon.in/ASUS-VivoBook-X409FA-EK341T-Integrated-Transparent/dp/B088R77FJ3/ref=sr_1_17?dchild=1&keywords=laptop&qid=1595401659&sr=8-17,B088R77FJ3,"{'name': 'Laptops', 'url': 'https://www.amazon.in/s?k=laptop'}"
https://www.amazon.in/Acer-SF314-41-Dual-core-processor-Integrated/dp/B08BVP6CRW/ref=sr_1_18?dchild=1&keywords=laptop&qid=1595401659&sr=8-18,B08BVP6CRW,"{'name': 'Laptops', 'url': 'https://www.amazon.in/s?k=laptop'}"
https://www.amazon.in/Lenovo-Ideapad-A6-9225-Windows-81N30063IN/dp/B081Z4H8BM/ref=sr_1_3?dchild=1&keywords=laptop&qid=1595401659&sr=8-3#customerReviews,B081Z4H8BM,"{'name': 'Laptops', 'url': 'https://www.amazon.in/s?k=laptop'}"
https://www.amazon.in/LifeDigital-Zed-Note-CX3-Touchscreen/dp/B0854QKMFY/ref=sr_1_20?dchild=1&keywords=laptop&qid=1595401659&sr=8-20,B0854QKMFY,"{'name': 'Laptops', 'url': 'https://www.amazon.in/s?k=laptop'}"
https://www.amazon.in/HP-db1069AU-15-6-inch-Windows-Graphics/dp/B083RD58F6/ref=sr_1_13?dchild=1&keywords=laptop&qid=1595401659&sr=8-13,B083RD58F6,"{'name': 'Laptops', 'url': 'https://www.amazon.in/s?k=laptop'}"
https://www.amazon.in/Acer-One-14-Z2-485-Processor/dp/B08D8H4382/ref=sr_1_5?dchild=1&keywords=laptop&qid=1595401659&sr=8-5,B08D8H4382,"{'name': 'Laptops', 'url': 'https://www.amazon.in/s?k=laptop'}"
https://www.amazon.in/HP-Processor-14-inch-Laptop-cs0029TU/dp/B085W7G5TL/ref=sr_1_10?dchild=1&keywords=laptop&qid=1595401659&sr=8-10#customerReviews,B085W7G5TL,"{'name': 'Laptops', 'url': 'https://www.amazon.in/s?k=laptop'}"
https://www.amazon.in/HP-Processor-14-inch-Laptop-cs0029TU/dp/B085W7G5TL/ref=sr_1_10?dchild=1&keywords=laptop&qid=1595401659&sr=8-10,B085W7G5TL,"{'name': 'Laptops', 'url': 'https://www.amazon.in/s?k=laptop'}"
https://www.amazon.in/HP-db1069AU-15-6-inch-Windows-Graphics/dp/B083RD58F6/ref=sr_1_13?dchild=1&keywords=laptop&qid=1595401659&sr=8-13#customerReviews,B083RD58F6,"{'name': 'Laptops', 'url': 'https://www.amazon.in/s?k=laptop'}"
https://www.amazon.in/HP-ds0058TU-15-6-inch-i3-8130U-Windows/dp/B085W6QPYF/ref=sr_1_15?dchild=1&keywords=laptop&qid=1595401659&sr=8-15,B085W6QPYF,"{'name': 'Laptops', 'url': 'https://www.amazon.in/s?k=laptop'}"
https://www.amazon.in/ASUS-VivoBook-Integrated-Transparent-M409DA-EK483TS/dp/B08BS4B8FG/ref=sr_1_4?dchild=1&keywords=laptop&qid=1595401659&sr=8-4,B08BS4B8FG,"{'name': 'Laptops', 'url': 'https://www.amazon.in/s?k=laptop'}"
https://www.amazon.in/Callas-Re-usable-Pollution-Filtration-Respirator/dp/B089CPP26Y/ref=sr_1_33?dchild=1&keywords=n95+mask&qid=1595401665&sr=8-33,B089CPP26Y,"{'name': 'N95 Mask', 'url': 'https://www.amazon.in/s?k=n95+mask'}"
https://www.amazon.in/Tesseract-Respirator-Breathable-Protective-protection/dp/B08CZT7DYF/ref=sr_1_37?dchild=1&keywords=n95+mask&qid=1595401665&sr=8-37,B08CZT7DYF,"{'name': 'N95 Mask', 'url': 'https://www.amazon.in/s?k=n95+mask'}"
https://www.amazon.in/Standard-Certified-5-Layered-Protection-Blue-Black-Gray/dp/B088RNK95K/ref=sr_1_4?dchild=1&keywords=n95+mask&qid=1595401665&sr=8-4,B088RNK95K,"{'name': 'N95 Mask', 'url': 'https://www.amazon.in/s?k=n95+mask'}"
https://www.amazon.in/Amazon-Brand-Solimo-Anti-Pollution-Mask/dp/B0872Q2CR2/ref=sr_1_48?dchild=1&keywords=n95+mask&qid=1595401665&sr=8-48,B0872Q2CR2,"{'name': 'N95 Mask', 'url': 'https://www.amazon.in/s?k=n95+mask'}"
https://www.amazon.in/Amazon-Brand-Solimo-Non-Washable-Anti-Pollution/dp/B0872QGDXX/ref=sr_1_3?dchild=1&keywords=n95+mask&qid=1595401665&sr=8-3,B0872QGDXX,"{'name': 'N95 Mask', 'url': 'https://www.amazon.in/s?k=n95+mask'}"
https://www.amazon.in/SanNap-Luxuria-Designer-Pollution-Breathing/dp/B08BB8HTLD/ref=sxin_7?ascsubtag=amzn1.osa.409223a9-aabb-4203-979c-ffc573d2306f.A21TJRUUN4KGV.en_IN&creativeASIN=B08BB8HTLD&cv_ct_cx=n95+mask&cv_ct_id=amzn1.osa.409223a9-aabb-4203-979c-ffc573d2306f.A21TJRUUN4KGV.en_IN&cv_ct_pg=search&cv_ct_wn=osp-single-source-gl-ranking&dchild=1&keywords=n95+mask&linkCode=oas&pd_rd_i=B08BB8HTLD&pd_rd_r=c371385b-eca8-452d-a0b7-d2a4805c406a&pd_rd_w=H9Iy9&pd_rd_wg=j5JDg&pf_rd_p=a405b90d-908a-491d-912a-37b593272670&pf_rd_r=KKP45G92VD5Y8RY02V79&qid=1595401665&sr=1-2-5b72de9d-29e4-4d53-b588-61ea05f598f4&tag=firstpost1610-21#customerReviews,B08BB8HTLD,"{'name': 'N95 Mask', 'url': 'https://www.amazon.in/s?k=n95+mask'}"
https://www.amazon.in/Boldfit-Pollution-protective-manufacturer-Ministry/dp/B08BFYYVYR/ref=sr_1_24?dchild=1&keywords=n95+mask&qid=1595401665&sr=8-24#customerReviews,B08BFYYVYR,"{'name': 'N95 Mask', 'url': 'https://www.amazon.in/s?k=n95+mask'}"
https://www.amazon.in/Callas-Re-usable-Pollution-Filtration-Respirator/dp/B089CPP26Y/ref=sr_1_33?dchild=1&keywords=n95+mask&qid=1595401665&sr=8-33#customerReviews,B089CPP26Y,"{'name': 'N95 Mask', 'url': 'https://www.amazon.in/s?k=n95+mask'}"
https://www.amazon.in/ORILEY-Certified-Layer-Disposable-Respirator/dp/B088QWV35K/ref=sr_1_43?dchild=1&keywords=n95+mask&qid=1595401665&sr=8-43#customerReviews,B088QWV35K,"{'name': 'N95 Mask', 'url': 'https://www.amazon.in/s?k=n95+mask'}"
https://www.amazon.in/Multilayered-Washable-Reusable-Anti-Pollution-protection/dp/B08942WH8V/ref=sr_1_19?dchild=1&keywords=n95+mask&qid=1595401665&sr=8-19#customerReviews,B08942WH8V,"{'name': 'N95 Mask', 'url': 'https://www.amazon.in/s?k=n95+mask'}"
https://www.amazon.in/ORILEY-K-N95-Approved-Disposable-Respirator/dp/B088QVYX2M/ref=sr_1_44?dchild=1&keywords=n95+mask&qid=1595401665&sr=8-44#customerReviews,B088QVYX2M,"{'name': 'N95 Mask', 'url': 'https://www.amazon.in/s?k=n95+mask'}"
https://www.amazon.in/Respirator-Anti-Dust-Breathable-Protective-protection/dp/B08CCF8PDZ/ref=sr_1_13?dchild=1&keywords=n95+mask&qid=1595401665&sr=8-13#customerReviews,B08CCF8PDZ,"{'name': 'N95 Mask', 'url': 'https://www.amazon.in/s?k=n95+mask'}"
https://www.amazon.in/NOVEX-ALTEK-Face-Mask-Respirator/dp/B089S25S44/ref=sr_1_22?dchild=1&keywords=n95+mask&qid=1595401665&sr=8-22#customerReviews,B089S25S44,"{'name': 'N95 Mask', 'url': 'https://www.amazon.in/s?k=n95+mask'}"
https://www.amazon.in/Sabaira-Mask-Protect-N95-Washable/dp/B08B1KDSFG/ref=sr_1_28?dchild=1&keywords=n95+mask&qid=1595401665&sr=8-28#customerReviews,B08B1KDSFG,"{'name': 'N95 Mask', 'url': 'https://www.amazon.in/s?k=n95+mask'}"
https://www.amazon.in/Xtore-Comfortable-Pollution-Breathing-Perticulate/dp/B07LDVP7DV/ref=sxin_7?ascsubtag=amzn1.osa.409223a9-aabb-4203-979c-ffc573d2306f.A21TJRUUN4KGV.en_IN&creativeASIN=B07LDVP7DV&cv_ct_cx=n95+mask&cv_ct_id=amzn1.osa.409223a9-aabb-4203-979c-ffc573d2306f.A21TJRUUN4KGV.en_IN&cv_ct_pg=search&cv_ct_wn=osp-single-source-gl-ranking&dchild=1&keywords=n95+mask&linkCode=oas&pd_rd_i=B07LDVP7DV&pd_rd_r=c371385b-eca8-452d-a0b7-d2a4805c406a&pd_rd_w=H9Iy9&pd_rd_wg=j5JDg&pf_rd_p=a405b90d-908a-491d-912a-37b593272670&pf_rd_r=KKP45G92VD5Y8RY02V79&qid=1595401665&sr=1-3-5b72de9d-29e4-4d53-b588-61ea05f598f4&tag=firstpost1610-21,B07LDVP7DV,"{'name': 'N95 Mask', 'url': 'https://www.amazon.in/s?k=n95+mask'}"
https://www.amazon.in/TBF-Trends-Multicolour-protective-particulate-filtration/dp/B0874MXS2W/ref=sr_1_31?dchild=1&keywords=n95+mask&qid=1595401665&sr=8-31#customerReviews,B0874MXS2W,"{'name': 'N95 Mask', 'url': 'https://www.amazon.in/s?k=n95+mask'}"
https://www.amazon.in/ORILEY-K-N95-Approved-Disposable-Respirator/dp/B088QVZGPZ/ref=sr_1_23?dchild=1&keywords=n95+mask&qid=1595401665&sr=8-23#customerReviews,B088QVZGPZ,"{'name': 'N95 Mask', 'url': 'https://www.amazon.in/s?k=n95+mask'}"
https://www.amazon.in/ClearCut-Reusable-certified-pollution-currently/dp/B08876ZWT3/ref=sr_1_1?dchild=1&keywords=n95+mask&qid=1595401665&sr=8-1#customerReviews,B08876ZWT3,"{'name': 'N95 Mask', 'url': 'https://www.amazon.in/s?k=n95+mask'}"
https://www.amazon.in/Nasher-Miles-AntiBacterial-Respirator-Face/dp/B08BJL73XM/ref=sr_1_47?dchild=1&keywords=n95+mask&qid=1595401665&sr=8-47#customerReviews,B08BJL73XM,"{'name': 'N95 Mask', 'url': 'https://www.amazon.in/s?k=n95+mask'}"
https://www.amazon.in/Cozylife-Women-Adults-Filter-Protection/dp/B089K91MK8/ref=sr_1_8?dchild=1&keywords=n95+mask&qid=1595401665&sr=8-8,B089K91MK8,"{'name': 'N95 Mask', 'url': 'https://www.amazon.in/s?k=n95+mask'}"
https://www.amazon.in/Dabur-Safe-N95-face-mask/dp/B08894D926/ref=sr_1_9?dchild=1&keywords=n95+mask&qid=1595401665&sr=8-9#customerReviews,B08894D926,"{'name': 'N95 Mask', 'url': 'https://www.amazon.in/s?k=n95+mask'}"
https://www.amazon.in/Protective-Respirator-Pollution-Respiratory-Protection/dp/B0898N72RN/ref=sr_1_17?dchild=1&keywords=n95+mask&qid=1595401665&sr=8-17#customerReviews,B0898N72RN,"{'name': 'N95 Mask', 'url': 'https://www.amazon.in/s?k=n95+mask'}"
https://www.amazon.in/Forte-Anti-Fog-Dust-Proof-Adjustable-Approved/dp/B088Q2FGLQ/ref=sr_1_2?dchild=1&keywords=n95+mask&qid=1595401665&sr=8-2#customerReviews,B088Q2FGLQ,"{'name': 'N95 Mask', 'url': 'https://www.amazon.in/s?k=n95+mask'}"
https://www.amazon.in/Glammore-Reusable-Pollution-Respirator-Valve/dp/B0892RHGXD/ref=sxin_7?ascsubtag=amzn1.osa.409223a9-aabb-4203-979c-ffc573d2306f.A21TJRUUN4KGV.en_IN&creativeASIN=B0892RHGXD&cv_ct_cx=n95+mask&cv_ct_id=amzn1.osa.409223a9-aabb-4203-979c-ffc573d2306f.A21TJRUUN4KGV.en_IN&cv_ct_pg=search&cv_ct_wn=osp-single-source-gl-ranking&dchild=1&keywords=n95+mask&linkCode=oas&pd_rd_i=B0892RHGXD&pd_rd_r=c371385b-eca8-452d-a0b7-d2a4805c406a&pd_rd_w=H9Iy9&pd_rd_wg=j5JDg&pf_rd_p=a405b90d-908a-491d-912a-37b593272670&pf_rd_r=KKP45G92VD5Y8RY02V79&qid=1595401665&sr=1-4-5b72de9d-29e4-4d53-b588-61ea05f598f4&tag=firstpost1610-21,B0892RHGXD,"{'name': 'N95 Mask', 'url': 'https://www.amazon.in/s?k=n95+mask'}"
https://www.amazon.in/Avekin-Respirator-filter-Washable-Reusable/dp/B08CNJQJ1Z/ref=sr_1_18?dchild=1&keywords=n95+mask&qid=1595401665&sr=8-18,B08CNJQJ1Z,"{'name': 'N95 Mask', 'url': 'https://www.amazon.in/s?k=n95+mask'}"
https://www.amazon.in/CAREVIEWTM-CV1221H-Protective-Layered-Filtration/dp/B08951PPT1/ref=sr_1_32?dchild=1&keywords=n95+mask&qid=1595401665&sr=8-32,B08951PPT1,"{'name': 'N95 Mask', 'url': 'https://www.amazon.in/s?k=n95+mask'}"
https://www.amazon.in/DALUCI-Reusable-Pollution-Layer-Women/dp/B0893WWSG5/ref=sr_1_11?dchild=1&keywords=n95+mask&qid=1595401665&sr=8-11,B0893WWSG5,"{'name': 'N95 Mask', 'url': 'https://www.amazon.in/s?k=n95+mask'}"
https://www.amazon.in/Thermocare-Pollution-mask-women-pack/dp/B085KYH595/ref=sr_1_36?dchild=1&keywords=n95+mask&qid=1595401665&sr=8-36,B085KYH595,"{'name': 'N95 Mask', 'url': 'https://www.amazon.in/s?k=n95+mask'}"
https://www.amazon.in/Boldfit-Pollution-protective-manufacturer-Ministry/dp/B08BFYYVYR/ref=sr_1_24?dchild=1&keywords=n95+mask&qid=1595401665&sr=8-24,B08BFYYVYR,"{'name': 'N95 Mask', 'url': 'https://www.amazon.in/s?k=n95+mask'}"
https://www.amazon.in/Xtore-Comfortable-Pollution-Breathing-Perticulate/dp/B07LDVP7DV/ref=sr_1_5?dchild=1&keywords=n95+mask&qid=1595401665&sr=8-5#customerReviews,B07LDVP7DV,"{'name': 'N95 Mask', 'url': 'https://www.amazon.in/s?k=n95+mask'}"
https://www.amazon.in/Multilayered-Washable-Reusable-Anti-Pollution-protection/dp/B08942WH8V/ref=sr_1_19?dchild=1&keywords=n95+mask&qid=1595401665&sr=8-19,B08942WH8V,"{'name': 'N95 Mask', 'url': 'https://www.amazon.in/s?k=n95+mask'}"
https://www.amazon.in/london-Double-Filter-Sanitizer-Prevention/dp/B0892MTSDB/ref=sr_1_15?dchild=1&keywords=n95+mask&qid=1595401665&sr=8-15,B0892MTSDB,"{'name': 'N95 Mask', 'url': 'https://www.amazon.in/s?k=n95+mask'}"
https://www.amazon.in/Amazon-Brand-Solimo-Non-Washable-Anti-Pollution/dp/B0872QGDXX/ref=sr_1_3?dchild=1&keywords=n95+mask&qid=1595401665&sr=8-3#customerReviews,B0872QGDXX,"{'name': 'N95 Mask', 'url': 'https://www.amazon.in/s?k=n95+mask'}"
https://www.amazon.in/Mrideena-Anti-Pollution-Mask-Valve/dp/B089WLG9H2/ref=sxin_7?ascsubtag=amzn1.osa.409223a9-aabb-4203-979c-ffc573d2306f.A21TJRUUN4KGV.en_IN&creativeASIN=B089WLG9H2&cv_ct_cx=n95+mask&cv_ct_id=amzn1.osa.409223a9-aabb-4203-979c-ffc573d2306f.A21TJRUUN4KGV.en_IN&cv_ct_pg=search&cv_ct_wn=osp-single-source-gl-ranking&dchild=1&keywords=n95+mask&linkCode=oas&pd_rd_i=B089WLG9H2&pd_rd_r=c371385b-eca8-452d-a0b7-d2a4805c406a&pd_rd_w=H9Iy9&pd_rd_wg=j5JDg&pf_rd_p=a405b90d-908a-491d-912a-37b593272670&pf_rd_r=KKP45G92VD5Y8RY02V79&qid=1595401665&sr=1-1-5b72de9d-29e4-4d53-b588-61ea05f598f4&tag=firstpost1610-21#customerReviews,B089WLG9H2,"{'name': 'N95 Mask', 'url': 'https://www.amazon.in/s?k=n95+mask'}"
https://www.amazon.in/NOVEX-ALTEK-Face-Mask-Respirator/dp/B089S25S44/ref=sr_1_22?dchild=1&keywords=n95+mask&qid=1595401665&sr=8-22,B089S25S44,"{'name': 'N95 Mask', 'url': 'https://www.amazon.in/s?k=n95+mask'}"
https://www.amazon.in/CAREVIEWTM-CV1221H-Protective-Layered-Filtration/dp/B08951PPT1/ref=sr_1_32?dchild=1&keywords=n95+mask&qid=1595401665&sr=8-32#customerReviews,B08951PPT1,"{'name': 'N95 Mask', 'url': 'https://www.amazon.in/s?k=n95+mask'}"
https://www.amazon.in/Filtration-Capacity-Reusable-Particulate-Certified/dp/B08BJ245SV/ref=sr_1_21?dchild=1&keywords=n95+mask&qid=1595401665&sr=8-21,B08BJ245SV,"{'name': 'N95 Mask', 'url': 'https://www.amazon.in/s?k=n95+mask'}"
https://www.amazon.in/Xtore-Washable-Pollution-Breathing-Replaceable/dp/B07MCPKLZP/ref=sr_1_30?dchild=1&keywords=n95+mask&qid=1595401665&sr=8-30,B07MCPKLZP,"{'name': 'N95 Mask', 'url': 'https://www.amazon.in/s?k=n95+mask'}"
https://www.amazon.in/Standard-Certified-5-Layered-Protection-Blue-Black-Gray/dp/B088RNK95K/ref=sr_1_4?dchild=1&keywords=n95+mask&qid=1595401665&sr=8-4#customerReviews,B088RNK95K,"{'name': 'N95 Mask', 'url': 'https://www.amazon.in/s?k=n95+mask'}"
https://www.amazon.in/Dabur-Safe-N95-face-mask/dp/B08894D926/ref=sr_1_9?dchild=1&keywords=n95+mask&qid=1595401665&sr=8-9,B08894D926,"{'name': 'N95 Mask', 'url': 'https://www.amazon.in/s?k=n95+mask'}"
https://www.amazon.in/Mediweave-KN95-Face-Pieces-packets/dp/B087N2WPLT/ref=sr_1_7?dchild=1&keywords=n95+mask&qid=1595401665&sr=8-7,B087N2WPLT,"{'name': 'N95 Mask', 'url': 'https://www.amazon.in/s?k=n95+mask'}"
https://www.amazon.in/Filtration-Capacity-Reusable-Particulate-Certified/dp/B08BJ245SV/ref=sr_1_21?dchild=1&keywords=n95+mask&qid=1595401665&sr=8-21#customerReviews,B08BJ245SV,"{'name': 'N95 Mask', 'url': 'https://www.amazon.in/s?k=n95+mask'}"
https://www.amazon.in/Venus-V-4200N95-Respirator-Butterfly-Temperature/dp/B085TSNCZQ/ref=sr_1_29?dchild=1&keywords=n95+mask&qid=1595401665&sr=8-29#customerReviews,B085TSNCZQ,"{'name': 'N95 Mask', 'url': 'https://www.amazon.in/s?k=n95+mask'}"
https://www.amazon.in/OxiClear-OxiMask-Pollution-Mask/dp/B01N952VHF/ref=sr_1_14?dchild=1&keywords=n95+mask&qid=1595401665&sr=8-14#customerReviews,B01N952VHF,"{'name': 'N95 Mask', 'url': 'https://www.amazon.in/s?k=n95+mask'}"
https://www.amazon.in/Protective-Respirator-Pollution-Respiratory-Protection/dp/B0898N72RN/ref=sr_1_17?dchild=1&keywords=n95+mask&qid=1595401665&sr=8-17,B0898N72RN,"{'name': 'N95 Mask', 'url': 'https://www.amazon.in/s?k=n95+mask'}"
https://www.amazon.in/Mush-layered-Certified-Reusable-India/dp/B089DPKVLS/ref=sr_1_26?dchild=1&keywords=n95+mask&qid=1595401665&sr=8-26,B089DPKVLS,"{'name': 'N95 Mask', 'url': 'https://www.amazon.in/s?k=n95+mask'}"
https://www.amazon.in/Reusable-washable-certified-droplets-pollution/dp/B08C3Z7D69/ref=sr_1_10?dchild=1&keywords=n95+mask&qid=1595401665&sr=8-10#customerReviews,B08C3Z7D69,"{'name': 'N95 Mask', 'url': 'https://www.amazon.in/s?k=n95+mask'}"
https://www.amazon.in/GrinHealth-Anti-Pollution-Mask-P-Grey/dp/B072HL2GH2/ref=sr_1_42?dchild=1&keywords=n95+mask&qid=1595401665&sr=8-42,B072HL2GH2,"{'name': 'N95 Mask', 'url': 'https://www.amazon.in/s?k=n95+mask'}"
https://www.amazon.in/Avekin-Respirator-filter-Washable-Reusable/dp/B08CNJQJ1Z/ref=sr_1_18?dchild=1&keywords=n95+mask&qid=1595401665&sr=8-18#customerReviews,B08CNJQJ1Z,"{'name': 'N95 Mask', 'url': 'https://www.amazon.in/s?k=n95+mask'}"
https://www.amazon.in/Mush-layered-Certified-Reusable-India/dp/B089DPKVLS/ref=sr_1_26?dchild=1&keywords=n95+mask&qid=1595401665&sr=8-26#customerReviews,B089DPKVLS,"{'name': 'N95 Mask', 'url': 'https://www.amazon.in/s?k=n95+mask'}"
https://www.amazon.in/Kurtzy-Washable-Anti-Pollution-Anti-Dust-Respiratory/dp/B088D8M4B1/ref=sr_1_45?dchild=1&keywords=n95+mask&qid=1595401665&sr=8-45,B088D8M4B1,"{'name': 'N95 Mask', 'url': 'https://www.amazon.in/s?k=n95+mask'}"
https://www.amazon.in/GrinHealth-Anti-Pollution-Mask-P-Grey/dp/B072HL2GH2/ref=sr_1_42?dchild=1&keywords=n95+mask&qid=1595401665&sr=8-42#customerReviews,B072HL2GH2,"{'name': 'N95 Mask', 'url': 'https://www.amazon.in/s?k=n95+mask'}"
https://www.amazon.in/Xtore-Comfortable-Pollution-Breathing-Perticulate/dp/B07LDVP7DV/ref=sxin_7?ascsubtag=amzn1.osa.409223a9-aabb-4203-979c-ffc573d2306f.A21TJRUUN4KGV.en_IN&creativeASIN=B07LDVP7DV&cv_ct_cx=n95+mask&cv_ct_id=amzn1.osa.409223a9-aabb-4203-979c-ffc573d2306f.A21TJRUUN4KGV.en_IN&cv_ct_pg=search&cv_ct_wn=osp-single-source-gl-ranking&dchild=1&keywords=n95+mask&linkCode=oas&pd_rd_i=B07LDVP7DV&pd_rd_r=c371385b-eca8-452d-a0b7-d2a4805c406a&pd_rd_w=H9Iy9&pd_rd_wg=j5JDg&pf_rd_p=a405b90d-908a-491d-912a-37b593272670&pf_rd_r=KKP45G92VD5Y8RY02V79&qid=1595401665&sr=1-3-5b72de9d-29e4-4d53-b588-61ea05f598f4&tag=firstpost1610-21#customerReviews,B07LDVP7DV,"{'name': 'N95 Mask', 'url': 'https://www.amazon.in/s?k=n95+mask'}"
https://www.amazon.in/Scott-International-Unisex-Reusable-Black/dp/B088TRHWYP/ref=sr_1_20?dchild=1&keywords=n95+mask&qid=1595401665&sr=8-20#customerReviews,B088TRHWYP,"{'name': 'N95 Mask', 'url': 'https://www.amazon.in/s?k=n95+mask'}"
https://www.amazon.in/ORILEY-K-N95-Approved-Disposable-Respirator/dp/B088QVYX2M/ref=sr_1_44?dchild=1&keywords=n95+mask&qid=1595401665&sr=8-44,B088QVYX2M,"{'name': 'N95 Mask', 'url': 'https://www.amazon.in/s?k=n95+mask'}"
https://www.amazon.in/Forte-Anti-Fog-Dust-Proof-Adjustable-Approved/dp/B088Q2FGLQ/ref=sr_1_2?dchild=1&keywords=n95+mask&qid=1595401665&sr=8-2,B088Q2FGLQ,"{'name': 'N95 Mask', 'url': 'https://www.amazon.in/s?k=n95+mask'}"
https://www.amazon.in/Mrideena-Anti-Pollution-Mask-Valve/dp/B089WLG9H2/ref=sxin_7?ascsubtag=amzn1.osa.409223a9-aabb-4203-979c-ffc573d2306f.A21TJRUUN4KGV.en_IN&creativeASIN=B089WLG9H2&cv_ct_cx=n95+mask&cv_ct_id=amzn1.osa.409223a9-aabb-4203-979c-ffc573d2306f.A21TJRUUN4KGV.en_IN&cv_ct_pg=search&cv_ct_wn=osp-single-source-gl-ranking&dchild=1&keywords=n95+mask&linkCode=oas&pd_rd_i=B089WLG9H2&pd_rd_r=c371385b-eca8-452d-a0b7-d2a4805c406a&pd_rd_w=H9Iy9&pd_rd_wg=j5JDg&pf_rd_p=a405b90d-908a-491d-912a-37b593272670&pf_rd_r=KKP45G92VD5Y8RY02V79&qid=1595401665&sr=1-1-5b72de9d-29e4-4d53-b588-61ea05f598f4&tag=firstpost1610-21,B089WLG9H2,"{'name': 'N95 Mask', 'url': 'https://www.amazon.in/s?k=n95+mask'}"
https://www.amazon.in/ORILEY-K-N95-Approved-Disposable-Women/dp/B087PVWCT5/ref=sr_1_39?dchild=1&keywords=n95+mask&qid=1595401665&sr=8-39,B087PVWCT5,"{'name': 'N95 Mask', 'url': 'https://www.amazon.in/s?k=n95+mask'}"
https://www.amazon.in/Mediweave-KN95-Face-Pieces-packets/dp/B087N2WPLT/ref=sr_1_7?dchild=1&keywords=n95+mask&qid=1595401665&sr=8-7#customerReviews,B087N2WPLT,"{'name': 'N95 Mask', 'url': 'https://www.amazon.in/s?k=n95+mask'}"
https://www.amazon.in/Generic-pink-multicolour-disposable-respirator/dp/B07113Z8R1/ref=sr_1_16?dchild=1&keywords=n95+mask&qid=1595401665&sr=8-16#customerReviews,B07113Z8R1,"{'name': 'N95 Mask', 'url': 'https://www.amazon.in/s?k=n95+mask'}"
https://www.amazon.in/GlamFlox-Washable-Reusable-Anti-Pollution-Anti-Dust/dp/B089W33QXS/ref=sr_1_25?dchild=1&keywords=n95+mask&qid=1595401665&sr=8-25,B089W33QXS,"{'name': 'N95 Mask', 'url': 'https://www.amazon.in/s?k=n95+mask'}"
https://www.amazon.in/Urbangabru-Pollution-protective-filters-system/dp/B0851H66G4/ref=sr_1_38?dchild=1&keywords=n95+mask&qid=1595401665&sr=8-38,B0851H66G4,"{'name': 'N95 Mask', 'url': 'https://www.amazon.in/s?k=n95+mask'}"
https://www.amazon.in/Mediweave-Reusable-Non-Woven-Multicolor-Representative/dp/B087N7WWGD/ref=sr_1_40?dchild=1&keywords=n95+mask&qid=1595401665&sr=8-40#customerReviews,B087N7WWGD,"{'name': 'N95 Mask', 'url': 'https://www.amazon.in/s?k=n95+mask'}"
https://www.amazon.in/Nasher-Miles-AntiBacterial-Respirator-Face/dp/B08BJL73XM/ref=sr_1_47?dchild=1&keywords=n95+mask&qid=1595401665&sr=8-47,B08BJL73XM,"{'name': 'N95 Mask', 'url': 'https://www.amazon.in/s?k=n95+mask'}"
https://www.amazon.in/Reusable-washable-certified-droplets-pollution/dp/B08C67MQG5/ref=sr_1_6?dchild=1&keywords=n95+mask&qid=1595401665&sr=8-6,B08C67MQG5,"{'name': 'N95 Mask', 'url': 'https://www.amazon.in/s?k=n95+mask'}"
https://www.amazon.in/DALUCI-Reusable-Pollution-Layer-Women/dp/B0893WWSG5/ref=sr_1_11?dchild=1&keywords=n95+mask&qid=1595401665&sr=8-11#customerReviews,B0893WWSG5,"{'name': 'N95 Mask', 'url': 'https://www.amazon.in/s?k=n95+mask'}"
https://www.amazon.in/Xtore-Comfortable-Pollution-Breathing-Perticulate/dp/B07LDVP7DV/ref=sr_1_5?dchild=1&keywords=n95+mask&qid=1595401665&sr=8-5,B07LDVP7DV,"{'name': 'N95 Mask', 'url': 'https://www.amazon.in/s?k=n95+mask'}"
https://www.amazon.in/Kurtzy-Washable-Anti-Pollution-Anti-Dust-Respiratory/dp/B088D8M4B1/ref=sr_1_45?dchild=1&keywords=n95+mask&qid=1595401665&sr=8-45#customerReviews,B088D8M4B1,"{'name': 'N95 Mask', 'url': 'https://www.amazon.in/s?k=n95+mask'}"
https://www.amazon.in/Glammore-Reusable-Pollution-Respirator-Valve/dp/B0892RHGXD/ref=sxin_7?ascsubtag=amzn1.osa.409223a9-aabb-4203-979c-ffc573d2306f.A21TJRUUN4KGV.en_IN&creativeASIN=B0892RHGXD&cv_ct_cx=n95+mask&cv_ct_id=amzn1.osa.409223a9-aabb-4203-979c-ffc573d2306f.A21TJRUUN4KGV.en_IN&cv_ct_pg=search&cv_ct_wn=osp-single-source-gl-ranking&dchild=1&keywords=n95+mask&linkCode=oas&pd_rd_i=B0892RHGXD&pd_rd_r=c371385b-eca8-452d-a0b7-d2a4805c406a&pd_rd_w=H9Iy9&pd_rd_wg=j5JDg&pf_rd_p=a405b90d-908a-491d-912a-37b593272670&pf_rd_r=KKP45G92VD5Y8RY02V79&qid=1595401665&sr=1-4-5b72de9d-29e4-4d53-b588-61ea05f598f4&tag=firstpost1610-21#customerReviews,B0892RHGXD,"{'name': 'N95 Mask', 'url': 'https://www.amazon.in/s?k=n95+mask'}"
https://www.amazon.in/Scott-International-Unisex-Reusable-Black/dp/B088TRHWYP/ref=sr_1_20?dchild=1&keywords=n95+mask&qid=1595401665&sr=8-20,B088TRHWYP,"{'name': 'N95 Mask', 'url': 'https://www.amazon.in/s?k=n95+mask'}"
https://www.amazon.in/Urbangabru-Pollution-protective-filters-material/dp/B07XVBT3WF/ref=sr_1_41?dchild=1&keywords=n95+mask&qid=1595401665&sr=8-41#customerReviews,B07XVBT3WF,"{'name': 'N95 Mask', 'url': 'https://www.amazon.in/s?k=n95+mask'}"
https://www.amazon.in/ORILEY-K-N95-Approved-Disposable-Women/dp/B087PVWCT5/ref=sr_1_39?dchild=1&keywords=n95+mask&qid=1595401665&sr=8-39#customerReviews,B087PVWCT5,"{'name': 'N95 Mask', 'url': 'https://www.amazon.in/s?k=n95+mask'}"
https://www.amazon.in/Gear-Safeguard-certified-Bacteria-Filtration/dp/B08C7QCGJB/ref=sr_1_27?dchild=1&keywords=n95+mask&qid=1595401665&sr=8-27#customerReviews,B08C7QCGJB,"{'name': 'N95 Mask', 'url': 'https://www.amazon.in/s?k=n95+mask'}"
https://www.amazon.in/Mediweave-Reusable-Non-Woven-Multicolor-Representative/dp/B087N7WWGD/ref=sr_1_40?dchild=1&keywords=n95+mask&qid=1595401665&sr=8-40,B087N7WWGD,"{'name': 'N95 Mask', 'url': 'https://www.amazon.in/s?k=n95+mask'}"
https://www.amazon.in/Cozylife-Women-Adults-Filter-Protection/dp/B089K91MK8/ref=sr_1_8?dchild=1&keywords=n95+mask&qid=1595401665&sr=8-8#customerReviews,B089K91MK8,"{'name': 'N95 Mask', 'url': 'https://www.amazon.in/s?k=n95+mask'}"
https://www.amazon.in/Venus-Marked-Filter-Valve-Yellow/dp/B0876JJYS7/ref=sr_1_12?dchild=1&keywords=n95+mask&qid=1595401665&sr=8-12#customerReviews,B0876JJYS7,"{'name': 'N95 Mask', 'url': 'https://www.amazon.in/s?k=n95+mask'}"
https://www.amazon.in/ClearCut-Reusable-certified-pollution-currently/dp/B08876ZWT3/ref=sr_1_1?dchild=1&keywords=n95+mask&qid=1595401665&sr=8-1,B08876ZWT3,"{'name': 'N95 Mask', 'url': 'https://www.amazon.in/s?k=n95+mask'}"
https://www.amazon.in/Xtore-Washable-Pollution-Breathing-Replaceable/dp/B07MCPKLZP/ref=sr_1_30?dchild=1&keywords=n95+mask&qid=1595401665&sr=8-30#customerReviews,B07MCPKLZP,"{'name': 'N95 Mask', 'url': 'https://www.amazon.in/s?k=n95+mask'}"
https://www.amazon.in/Urbangabru-Pollution-protective-filters-material/dp/B07XVBT3WF/ref=sr_1_41?dchild=1&keywords=n95+mask&qid=1595401665&sr=8-41,B07XVBT3WF,"{'name': 'N95 Mask', 'url': 'https://www.amazon.in/s?k=n95+mask'}"
https://www.amazon.in/Amazon-Brand-Solimo-Anti-Pollution-Mask/dp/B0872Q2CR2/ref=sr_1_48?dchild=1&keywords=n95+mask&qid=1595401665&sr=8-48#customerReviews,B0872Q2CR2,"{'name': 'N95 Mask', 'url': 'https://www.amazon.in/s?k=n95+mask'}"
https://www.amazon.in/Multilayered-Washable-Reusable-Anti-Pollution-protection/dp/B08941NKXK/ref=sr_1_34?dchild=1&keywords=n95+mask&qid=1595401665&sr=8-34,B08941NKXK,"{'name': 'N95 Mask', 'url': 'https://www.amazon.in/s?k=n95+mask'}"
https://www.amazon.in/ORILEY-K-N95-Approved-Disposable-Respirator/dp/B088QVZGPZ/ref=sr_1_23?dchild=1&keywords=n95+mask&qid=1595401665&sr=8-23,B088QVZGPZ,"{'name': 'N95 Mask', 'url': 'https://www.amazon.in/s?k=n95+mask'}"
https://www.amazon.in/Bodyguard-Anti-Pollution-Face-Mask/dp/B075XN3KML/ref=sr_1_46?dchild=1&keywords=n95+mask&qid=1595401665&sr=8-46,B075XN3KML,"{'name': 'N95 Mask', 'url': 'https://www.amazon.in/s?k=n95+mask'}"
https://www.amazon.in/Venus-Marked-Filter-Valve-Yellow/dp/B0876JJYS7/ref=sr_1_12?dchild=1&keywords=n95+mask&qid=1595401665&sr=8-12,B0876JJYS7,"{'name': 'N95 Mask', 'url': 'https://www.amazon.in/s?k=n95+mask'}"
https://www.amazon.in/Generic-pink-multicolour-disposable-respirator/dp/B07113Z8R1/ref=sr_1_16?dchild=1&keywords=n95+mask&qid=1595401665&sr=8-16,B07113Z8R1,"{'name': 'N95 Mask', 'url': 'https://www.amazon.in/s?k=n95+mask'}"
https://www.amazon.in/Respirator-Anti-Dust-Breathable-Protective-protection/dp/B08CCF8PDZ/ref=sr_1_13?dchild=1&keywords=n95+mask&qid=1595401665&sr=8-13,B08CCF8PDZ,"{'name': 'N95 Mask', 'url': 'https://www.amazon.in/s?k=n95+mask'}"
https://www.amazon.in/SanNap-Luxuria-Designer-Pollution-Breathing/dp/B08BB8HTLD/ref=sxin_7?ascsubtag=amzn1.osa.409223a9-aabb-4203-979c-ffc573d2306f.A21TJRUUN4KGV.en_IN&creativeASIN=B08BB8HTLD&cv_ct_cx=n95+mask&cv_ct_id=amzn1.osa.409223a9-aabb-4203-979c-ffc573d2306f.A21TJRUUN4KGV.en_IN&cv_ct_pg=search&cv_ct_wn=osp-single-source-gl-ranking&dchild=1&keywords=n95+mask&linkCode=oas&pd_rd_i=B08BB8HTLD&pd_rd_r=c371385b-eca8-452d-a0b7-d2a4805c406a&pd_rd_w=H9Iy9&pd_rd_wg=j5JDg&pf_rd_p=a405b90d-908a-491d-912a-37b593272670&pf_rd_r=KKP45G92VD5Y8RY02V79&qid=1595401665&sr=1-2-5b72de9d-29e4-4d53-b588-61ea05f598f4&tag=firstpost1610-21,B08BB8HTLD,"{'name': 'N95 Mask', 'url': 'https://www.amazon.in/s?k=n95+mask'}"
https://www.amazon.in/OxiClear-OxiMask-Pollution-Mask/dp/B01N952VHF/ref=sr_1_14?dchild=1&keywords=n95+mask&qid=1595401665&sr=8-14,B01N952VHF,"{'name': 'N95 Mask', 'url': 'https://www.amazon.in/s?k=n95+mask'}"
https://www.amazon.in/Thermocare-Pollution-mask-women-pack/dp/B085KYH595/ref=sr_1_36?dchild=1&keywords=n95+mask&qid=1595401665&sr=8-36#customerReviews,B085KYH595,"{'name': 'N95 Mask', 'url': 'https://www.amazon.in/s?k=n95+mask'}"
https://www.amazon.in/GlamFlox-Washable-Reusable-Anti-Pollution-Anti-Dust/dp/B089W33QXS/ref=sr_1_25?dchild=1&keywords=n95+mask&qid=1595401665&sr=8-25#customerReviews,B089W33QXS,"{'name': 'N95 Mask', 'url': 'https://www.amazon.in/s?k=n95+mask'}"
https://www.amazon.in/Sabaira-Mask-Protect-N95-Washable/dp/B08B1KDSFG/ref=sr_1_28?dchild=1&keywords=n95+mask&qid=1595401665&sr=8-28,B08B1KDSFG,"{'name': 'N95 Mask', 'url': 'https://www.amazon.in/s?k=n95+mask'}"
https://www.amazon.in/TBF-Trends-Multicolour-protective-particulate-filtration/dp/B0874MXS2W/ref=sr_1_31?dchild=1&keywords=n95+mask&qid=1595401665&sr=8-31,B0874MXS2W,"{'name': 'N95 Mask', 'url': 'https://www.amazon.in/s?k=n95+mask'}"
https://www.amazon.in/Reusable-washable-certified-droplets-pollution/dp/B08C67MQG5/ref=sr_1_6?dchild=1&keywords=n95+mask&qid=1595401665&sr=8-6#customerReviews,B08C67MQG5,"{'name': 'N95 Mask', 'url': 'https://www.amazon.in/s?k=n95+mask'}"
https://www.amazon.in/Bodyguard-Anti-Pollution-Face-Mask/dp/B075XN3KML/ref=sr_1_46?dchild=1&keywords=n95+mask&qid=1595401665&sr=8-46#customerReviews,B075XN3KML,"{'name': 'N95 Mask', 'url': 'https://www.amazon.in/s?k=n95+mask'}"
https://www.amazon.in/Urbangabru-Pollution-protective-filters-system/dp/B0851H66G4/ref=sr_1_38?dchild=1&keywords=n95+mask&qid=1595401665&sr=8-38#customerReviews,B0851H66G4,"{'name': 'N95 Mask', 'url': 'https://www.amazon.in/s?k=n95+mask'}"
https://www.amazon.in/Reusable-washable-certified-droplets-pollution/dp/B08C3Z7D69/ref=sr_1_10?dchild=1&keywords=n95+mask&qid=1595401665&sr=8-10,B08C3Z7D69,"{'name': 'N95 Mask', 'url': 'https://www.amazon.in/s?k=n95+mask'}"
https://www.amazon.in/Venus-V-4200N95-Respirator-Butterfly-Temperature/dp/B085TSNCZQ/ref=sr_1_29?dchild=1&keywords=n95+mask&qid=1595401665&sr=8-29,B085TSNCZQ,"{'name': 'N95 Mask', 'url': 'https://www.amazon.in/s?k=n95+mask'}"
https://www.amazon.in/Gear-Safeguard-certified-Bacteria-Filtration/dp/B08C7QCGJB/ref=sr_1_27?dchild=1&keywords=n95+mask&qid=1595401665&sr=8-27,B08C7QCGJB,"{'name': 'N95 Mask', 'url': 'https://www.amazon.in/s?k=n95+mask'}"
https://www.amazon.in/ORILEY-Certified-Layer-Disposable-Respirator/dp/B088QWV35K/ref=sr_1_43?dchild=1&keywords=n95+mask&qid=1595401665&sr=8-43,B088QWV35K,"{'name': 'N95 Mask', 'url': 'https://www.amazon.in/s?k=n95+mask'}"
https://www.amazon.in/Classmate-Long-Book-Unruled-Pages/dp/B0883RF1KN/ref=sr_1_46?dchild=1&keywords=notebook&qid=1595401671&sr=8-46,B0883RF1KN,"{'name': 'Notebook', 'url': 'https://www.amazon.in/s?k=notebook'}"
https://www.amazon.in/Factor-Notes-Journal-Diary-Notebook/dp/B07SCXQY7W/ref=sr_1_7?dchild=1&keywords=notebook&qid=1595401671&sr=8-7,B07SCXQY7W,"{'name': 'Notebook', 'url': 'https://www.amazon.in/s?k=notebook'}"
https://www.amazon.in/Luxor-Subject-Premium-Exercise-Notebook/dp/B07Q3QV7X5/ref=sr_1_25?dchild=1&keywords=notebook&qid=1595401671&sr=8-25#customerReviews,B07Q3QV7X5,"{'name': 'Notebook', 'url': 'https://www.amazon.in/s?k=notebook'}"
https://www.amazon.in/Luxor-Subject-Premium-Exercise-Notebook/dp/B07Q6XTPPZ/ref=sr_1_43?dchild=1&keywords=notebook&qid=1595401671&sr=8-43,B07Q6XTPPZ,"{'name': 'Notebook', 'url': 'https://www.amazon.in/s?k=notebook'}"
https://www.amazon.in/Classmate-Long-Book-Unruled-Pages/dp/B0883RF1KN/ref=sr_1_46?dchild=1&keywords=notebook&qid=1595401671&sr=8-46#customerReviews,B0883RF1KN,"{'name': 'Notebook', 'url': 'https://www.amazon.in/s?k=notebook'}"
https://www.amazon.in/Factor-Notes-2-1-Notebook/dp/B081B14SKZ/ref=sr_1_20?dchild=1&keywords=notebook&qid=1595401671&sr=8-20,B081B14SKZ,"{'name': 'Notebook', 'url': 'https://www.amazon.in/s?k=notebook'}"
https://www.amazon.in/Doodle-Ethnic-Motif-Diary-Notebook/dp/B00PGZQMNI/ref=sr_1_51?dchild=1&keywords=notebook&qid=1595401671&sr=8-51#customerReviews,B00PGZQMNI,"{'name': 'Notebook', 'url': 'https://www.amazon.in/s?k=notebook'}"
https://www.amazon.in/Luxor-Subject-Premium-Exercise-Notebook/dp/B07QHNDF4C/ref=sr_1_24?dchild=1&keywords=notebook&qid=1595401671&sr=8-24#customerReviews,B07QHNDF4C,"{'name': 'Notebook', 'url': 'https://www.amazon.in/s?k=notebook'}"
https://www.amazon.in/Classmate-Pulse-Spiral-Notebook-Unruled/dp/B00P93X0VO/ref=sr_1_5?dchild=1&keywords=notebook&qid=1595401671&sr=8-5,B00P93X0VO,"{'name': 'Notebook', 'url': 'https://www.amazon.in/s?k=notebook'}"
https://www.amazon.in/Factor-Notes-Dotted-Journal-Notebook/dp/B07L681Z83/ref=sr_1_9?dchild=1&keywords=notebook&qid=1595401671&sr=8-9#customerReviews,B07L681Z83,"{'name': 'Notebook', 'url': 'https://www.amazon.in/s?k=notebook'}"
https://www.amazon.in/Luxor-Subject-Premium-Exercise-Notebook/dp/B07QD9353Z/ref=sr_1_30?dchild=1&keywords=notebook&qid=1595401671&sr=8-30#customerReviews,B07QD9353Z,"{'name': 'Notebook', 'url': 'https://www.amazon.in/s?k=notebook'}"
https://www.amazon.in/Doodle-Unicorn-Notebook-80GSM-Multicolour/dp/B07MQB4ZFT/ref=sr_1_48?dchild=1&keywords=notebook&qid=1595401671&sr=8-48#customerReviews,B07MQB4ZFT,"{'name': 'Notebook', 'url': 'https://www.amazon.in/s?k=notebook'}"
https://www.amazon.in/Classmate-Pulse-Spiral-Notebook-Unruled/dp/B00P93X6EK/ref=sr_1_32?dchild=1&keywords=notebook&qid=1595401671&sr=8-32,B00P93X6EK,"{'name': 'Notebook', 'url': 'https://www.amazon.in/s?k=notebook'}"
https://www.amazon.in/Luxor-Subject-Single-Ruled-Notebook/dp/B00LHZW3XY/ref=sr_1_10?dchild=1&keywords=notebook&qid=1595401671&sr=8-10,B00LHZW3XY,"{'name': 'Notebook', 'url': 'https://www.amazon.in/s?k=notebook'}"
https://www.amazon.in/Classmate-Pulse-Single-5-Subject-Notebook/dp/B075FR13TK/ref=sr_1_29?dchild=1&keywords=notebook&qid=1595401671&sr=8-29,B075FR13TK,"{'name': 'Notebook', 'url': 'https://www.amazon.in/s?k=notebook'}"
https://www.amazon.in/Luxor-Subject-Premium-Exercise-Notebook/dp/B07Q4P3TC8/ref=sr_1_31?dchild=1&keywords=notebook&qid=1595401671&sr=8-31#customerReviews,B07Q4P3TC8,"{'name': 'Notebook', 'url': 'https://www.amazon.in/s?k=notebook'}"
https://www.amazon.in/Classmate-Notebook-Single-Line-Pages/dp/B086PXQJTR/ref=sr_1_50?dchild=1&keywords=notebook&qid=1595401671&sr=8-50#customerReviews,B086PXQJTR,"{'name': 'Notebook', 'url': 'https://www.amazon.in/s?k=notebook'}"
https://www.amazon.in/Paperkraft-Green-Impression-2250055-Notebook/dp/B00P93WWL8/ref=sr_1_6?dchild=1&keywords=notebook&qid=1595401671&sr=8-6#customerReviews,B00P93WWL8,"{'name': 'Notebook', 'url': 'https://www.amazon.in/s?k=notebook'}"
https://www.amazon.in/Classmate-Pulse-Spiral-Notebook-Unruled/dp/B00P93X6EK/ref=sr_1_32?dchild=1&keywords=notebook&qid=1595401671&sr=8-32#customerReviews,B00P93X6EK,"{'name': 'Notebook', 'url': 'https://www.amazon.in/s?k=notebook'}"
https://www.amazon.in/Factor-Notes-Dotted-Journal-Notebook/dp/B07L681Z83/ref=sr_1_9?dchild=1&keywords=notebook&qid=1595401671&sr=8-9,B07L681Z83,"{'name': 'Notebook', 'url': 'https://www.amazon.in/s?k=notebook'}"
https://www.amazon.in/Drapvision-Majestic-Notebook-Enriched-Fountain/dp/B088T5DWL6/ref=sr_1_47?dchild=1&keywords=notebook&qid=1595401671&sr=8-47#customerReviews,B088T5DWL6,"{'name': 'Notebook', 'url': 'https://www.amazon.in/s?k=notebook'}"
https://www.amazon.in/Doodle-Writing-Cuteness-Overload-Notebook/dp/B07F9XFVCX/ref=sr_1_54?dchild=1&keywords=notebook&qid=1595401671&sr=8-54#customerReviews,B07F9XFVCX,"{'name': 'Notebook', 'url': 'https://www.amazon.in/s?k=notebook'}"
https://www.amazon.in/Classmate-Notebook-Single-Line-Pages/dp/B0883RPBN4/ref=sr_1_27?dchild=1&keywords=notebook&qid=1595401671&sr=8-27,B0883RPBN4,"{'name': 'Notebook', 'url': 'https://www.amazon.in/s?k=notebook'}"
https://www.amazon.in/Luxor-Subject-Premium-Exercise-Notebook/dp/B07Q958DL3/ref=sr_1_36?dchild=1&keywords=notebook&qid=1595401671&sr=8-36,B07Q958DL3,"{'name': 'Notebook', 'url': 'https://www.amazon.in/s?k=notebook'}"
https://www.amazon.in/TARGET-PUBLICATIONS-Notebooks-Writing-Numbers/dp/B081CYTHDK/ref=sr_1_19?dchild=1&keywords=notebook&qid=1595401671&sr=8-19#customerReviews,B081CYTHDK,"{'name': 'Notebook', 'url': 'https://www.amazon.in/s?k=notebook'}"
https://www.amazon.in/Classmate-Premium-Subject-Notebook-Single/dp/B00LZLQ624/ref=sr_1_16?dchild=1&keywords=notebook&qid=1595401671&sr=8-16#customerReviews,B00LZLQ624,"{'name': 'Notebook', 'url': 'https://www.amazon.in/s?k=notebook'}"
https://www.amazon.in/Factor-Notes-Journal-Diary-Notebook/dp/B07S8N89YD/ref=sr_1_42?dchild=1&keywords=notebook&qid=1595401671&sr=8-42,B07S8N89YD,"{'name': 'Notebook', 'url': 'https://www.amazon.in/s?k=notebook'}"
https://www.amazon.in/Classmate-ITC-Wir-200Pg-Ruld/dp/B07KCSKCB3/ref=sr_1_8?dchild=1&keywords=notebook&qid=1595401671&sr=8-8#customerReviews,B07KCSKCB3,"{'name': 'Notebook', 'url': 'https://www.amazon.in/s?k=notebook'}"
https://www.amazon.in/Drapvision-Majestic-Notebook-Enriched-Design/dp/B084TVJMCM/ref=sr_1_40?dchild=1&keywords=notebook&qid=1595401671&sr=8-40,B084TVJMCM,"{'name': 'Notebook', 'url': 'https://www.amazon.in/s?k=notebook'}"
https://www.amazon.in/Luxor-Subject-Single-Ruled-Notebook/dp/B00LHZWD0C/ref=sr_1_55?dchild=1&keywords=notebook&qid=1595401671&sr=8-55#customerReviews,B00LHZWD0C,"{'name': 'Notebook', 'url': 'https://www.amazon.in/s?k=notebook'}"
https://www.amazon.in/Lauret-Notebook-Journal-Natural-Shade/dp/B07YCV3W9Z/ref=sr_1_41?dchild=1&keywords=notebook&qid=1595401671&sr=8-41#customerReviews,B07YCV3W9Z,"{'name': 'Notebook', 'url': 'https://www.amazon.in/s?k=notebook'}"
https://www.amazon.in/Paperkraft-Signature-Notebook-Single-Pattern/dp/B00P93WUJ2/ref=sr_1_12?dchild=1&keywords=notebook&qid=1595401671&sr=8-12,B00P93WUJ2,"{'name': 'Notebook', 'url': 'https://www.amazon.in/s?k=notebook'}"
https://www.amazon.in/Classmate-Notebook-Single-Line-Pages/dp/B086PXQJTR/ref=sr_1_50?dchild=1&keywords=notebook&qid=1595401671&sr=8-50,B086PXQJTR,"{'name': 'Notebook', 'url': 'https://www.amazon.in/s?k=notebook'}"
https://www.amazon.in/Doodle-Writing-Cuteness-Overload-Notebook/dp/B07F9XFVCX/ref=sr_1_54?dchild=1&keywords=notebook&qid=1595401671&sr=8-54,B07F9XFVCX,"{'name': 'Notebook', 'url': 'https://www.amazon.in/s?k=notebook'}"
https://www.amazon.in/Luxor-Subject-Premium-Exercise-Notebook/dp/B07Q958DL3/ref=sr_1_36?dchild=1&keywords=notebook&qid=1595401671&sr=8-36#customerReviews,B07Q958DL3,"{'name': 'Notebook', 'url': 'https://www.amazon.in/s?k=notebook'}"
https://www.amazon.in/Lauret-Blanc-Constellation-notebook-Bookmark/dp/B07G8FDTDQ/ref=sr_1_53?dchild=1&keywords=notebook&qid=1595401671&sr=8-53,B07G8FDTDQ,"{'name': 'Notebook', 'url': 'https://www.amazon.in/s?k=notebook'}"
https://www.amazon.in/Luxor-Subject-Premium-Exercise-Notebook/dp/B07QD9353Z/ref=sr_1_30?dchild=1&keywords=notebook&qid=1595401671&sr=8-30,B07QD9353Z,"{'name': 'Notebook', 'url': 'https://www.amazon.in/s?k=notebook'}"
https://www.amazon.in/Paperkraft-Impression-Subject-Executive-Notebook/dp/B00LZLQDGI/ref=sr_1_26?dchild=1&keywords=notebook&qid=1595401671&sr=8-26,B00LZLQDGI,"{'name': 'Notebook', 'url': 'https://www.amazon.in/s?k=notebook'}"
https://www.amazon.in/Factor-Notes-Journal-Diary-Notebook/dp/B07SHKZ9XC/ref=sr_1_28?dchild=1&keywords=notebook&qid=1595401671&sr=8-28#customerReviews,B07SHKZ9XC,"{'name': 'Notebook', 'url': 'https://www.amazon.in/s?k=notebook'}"
https://www.amazon.in/Classmate-Premium-Subject-Spiral-Notebook/dp/B00LZLQ0TS/ref=sr_1_34?dchild=1&keywords=notebook&qid=1595401671&sr=8-34,B00LZLQ0TS,"{'name': 'Notebook', 'url': 'https://www.amazon.in/s?k=notebook'}"
https://www.amazon.in/Navneet-HQ-Ganesha-Bound-Notebook/dp/B082NJ1BVK/ref=sr_1_52?dchild=1&keywords=notebook&qid=1595401671&sr=8-52,B082NJ1BVK,"{'name': 'Notebook', 'url': 'https://www.amazon.in/s?k=notebook'}"
https://www.amazon.in/Classmate-Pulse-Spiral-Notebook-Unruled/dp/B00P93X0VO/ref=sr_1_5?dchild=1&keywords=notebook&qid=1595401671&sr=8-5#customerReviews,B00P93X0VO,"{'name': 'Notebook', 'url': 'https://www.amazon.in/s?k=notebook'}"
https://www.amazon.in/Magickrafts-Unruled-Notebooks-Plain-Pages/dp/B081H8YMJX/ref=sr_1_37?dchild=1&keywords=notebook&qid=1595401671&sr=8-37#customerReviews,B081H8YMJX,"{'name': 'Notebook', 'url': 'https://www.amazon.in/s?k=notebook'}"
https://www.amazon.in/AmazonBasics-Classic-Notebook-Plain-130mm/dp/B01DN8TB5U/ref=sr_1_14?dchild=1&keywords=notebook&qid=1595401671&sr=8-14#customerReviews,B01DN8TB5U,"{'name': 'Notebook', 'url': 'https://www.amazon.in/s?k=notebook'}"
https://www.amazon.in/Lauret-Blanc-Constellation-notebook-Bookmark/dp/B07G8FDTDQ/ref=sr_1_53?dchild=1&keywords=notebook&qid=1595401671&sr=8-53#customerReviews,B07G8FDTDQ,"{'name': 'Notebook', 'url': 'https://www.amazon.in/s?k=notebook'}"
https://www.amazon.in/Factor-Notes-Journal-Diary-Notebook/dp/B07SHKZ9XC/ref=sr_1_28?dchild=1&keywords=notebook&qid=1595401671&sr=8-28,B07SHKZ9XC,"{'name': 'Notebook', 'url': 'https://www.amazon.in/s?k=notebook'}"
https://www.amazon.in/Luxor-Subject-Premium-Exercise-Notebook/dp/B07Q95B1PT/ref=sr_1_38?dchild=1&keywords=notebook&qid=1595401671&sr=8-38,B07Q95B1PT,"{'name': 'Notebook', 'url': 'https://www.amazon.in/s?k=notebook'}"
https://www.amazon.in/Drapvision-Majestic-Notebook-Enriched-Fountain/dp/B088T5DWL6/ref=sr_1_47?dchild=1&keywords=notebook&qid=1595401671&sr=8-47,B088T5DWL6,"{'name': 'Notebook', 'url': 'https://www.amazon.in/s?k=notebook'}"
https://www.amazon.in/Luxor-Subject-Premium-Exercise-Notebook/dp/B07Q6XTV4K/ref=sr_1_35?dchild=1&keywords=notebook&qid=1595401671&sr=8-35#customerReviews,B07Q6XTV4K,"{'name': 'Notebook', 'url': 'https://www.amazon.in/s?k=notebook'}"
https://www.amazon.in/Paperkraft-Impression-Subject-Executive-Notebook/dp/B00LZLQDGI/ref=sr_1_26?dchild=1&keywords=notebook&qid=1595401671&sr=8-26#customerReviews,B00LZLQDGI,"{'name': 'Notebook', 'url': 'https://www.amazon.in/s?k=notebook'}"
https://www.amazon.in/Paperkraft-Green-Impression-2250055-Notebook/dp/B00P93WWL8/ref=sr_1_6?dchild=1&keywords=notebook&qid=1595401671&sr=8-6,B00P93WWL8,"{'name': 'Notebook', 'url': 'https://www.amazon.in/s?k=notebook'}"
https://www.amazon.in/Luxor-Subject-Premium-Exercise-Notebook/dp/B07ZNRS3L5/ref=sr_1_39?dchild=1&keywords=notebook&qid=1595401671&sr=8-39#customerReviews,B07ZNRS3L5,"{'name': 'Notebook', 'url': 'https://www.amazon.in/s?k=notebook'}"
https://www.amazon.in/Doodle-Ethnic-Motif-Diary-Notebook/dp/B00PGZQMNI/ref=sr_1_51?dchild=1&keywords=notebook&qid=1595401671&sr=8-51,B00PGZQMNI,"{'name': 'Notebook', 'url': 'https://www.amazon.in/s?k=notebook'}"
https://www.amazon.in/Classmate-Selfie-Single-6-Subject-Notebook/dp/B075FT2F2K/ref=sr_1_15?dchild=1&keywords=notebook&qid=1595401671&sr=8-15,B075FT2F2K,"{'name': 'Notebook', 'url': 'https://www.amazon.in/s?k=notebook'}"
https://www.amazon.in/Luxor-Subject-Single-Ruled-Notebook/dp/B00LHZW3XY/ref=sr_1_10?dchild=1&keywords=notebook&qid=1595401671&sr=8-10#customerReviews,B00LHZW3XY,"{'name': 'Notebook', 'url': 'https://www.amazon.in/s?k=notebook'}"
https://www.amazon.in/AmazonBasics-Classic-Notebook-Plain-130mm/dp/B01DN8TB5U/ref=sr_1_14?dchild=1&keywords=notebook&qid=1595401671&sr=8-14,B01DN8TB5U,"{'name': 'Notebook', 'url': 'https://www.amazon.in/s?k=notebook'}"
https://www.amazon.in/Classmate-Premium-Subject-Notebook-Single/dp/B00LZLQ624/ref=sr_1_16?dchild=1&keywords=notebook&qid=1595401671&sr=8-16,B00LZLQ624,"{'name': 'Notebook', 'url': 'https://www.amazon.in/s?k=notebook'}"
https://www.amazon.in/Doodle-Unicorn-Notebook-80GSM-Multicolour/dp/B07MQB4ZFT/ref=sr_1_48?dchild=1&keywords=notebook&qid=1595401671&sr=8-48,B07MQB4ZFT,"{'name': 'Notebook', 'url': 'https://www.amazon.in/s?k=notebook'}"
https://www.amazon.in/Luxor-Subject-Premium-Exercise-Notebook/dp/B07Q6XTPPZ/ref=sr_1_43?dchild=1&keywords=notebook&qid=1595401671&sr=8-43#customerReviews,B07Q6XTPPZ,"{'name': 'Notebook', 'url': 'https://www.amazon.in/s?k=notebook'}"
https://www.amazon.in/Drapvision-Majestic-Notebook-Enriched-Design/dp/B084TVJMCM/ref=sr_1_40?dchild=1&keywords=notebook&qid=1595401671&sr=8-40#customerReviews,B084TVJMCM,"{'name': 'Notebook', 'url': 'https://www.amazon.in/s?k=notebook'}"
https://www.amazon.in/Luxor-Subject-Premium-Exercise-Notebook/dp/B07QHNDF4C/ref=sr_1_24?dchild=1&keywords=notebook&qid=1595401671&sr=8-24,B07QHNDF4C,"{'name': 'Notebook', 'url': 'https://www.amazon.in/s?k=notebook'}"
https://www.amazon.in/Classmate-Pulse-Single-5-Subject-Notebook/dp/B075FR13TK/ref=sr_1_29?dchild=1&keywords=notebook&qid=1595401671&sr=8-29#customerReviews,B075FR13TK,"{'name': 'Notebook', 'url': 'https://www.amazon.in/s?k=notebook'}"
https://www.amazon.in/Luxor-Subject-Premium-Exercise-Notebook/dp/B07Q6XTPP9/ref=sr_1_11?dchild=1&keywords=notebook&qid=1595401671&sr=8-11#customerReviews,B07Q6XTPP9,"{'name': 'Notebook', 'url': 'https://www.amazon.in/s?k=notebook'}"
https://www.amazon.in/Luxor-Subject-Premium-Exercise-Notebook/dp/B07Q4P3TC8/ref=sr_1_31?dchild=1&keywords=notebook&qid=1595401671&sr=8-31,B07Q4P3TC8,"{'name': 'Notebook', 'url': 'https://www.amazon.in/s?k=notebook'}"
https://www.amazon.in/Classmate-Pulse-Spiral-Notebook-Unruled/dp/B00P93X2H6/ref=sr_1_13?dchild=1&keywords=notebook&qid=1595401671&sr=8-13#customerReviews,B00P93X2H6,"{'name': 'Notebook', 'url': 'https://www.amazon.in/s?k=notebook'}"
https://www.amazon.in/Magickrafts-Unruled-Notebooks-Plain-Pages/dp/B081H8YMJX/ref=sr_1_37?dchild=1&keywords=notebook&qid=1595401671&sr=8-37,B081H8YMJX,"{'name': 'Notebook', 'url': 'https://www.amazon.in/s?k=notebook'}"
https://www.amazon.in/Luxor-Subject-Single-Ruled-Notebook/dp/B00LHZWD0C/ref=sr_1_55?dchild=1&keywords=notebook&qid=1595401671&sr=8-55,B00LHZWD0C,"{'name': 'Notebook', 'url': 'https://www.amazon.in/s?k=notebook'}"
https://www.amazon.in/Luxor-Subject-Premium-Exercise-Notebook/dp/B07Q95B1PT/ref=sr_1_38?dchild=1&keywords=notebook&qid=1595401671&sr=8-38#customerReviews,B07Q95B1PT,"{'name': 'Notebook', 'url': 'https://www.amazon.in/s?k=notebook'}"
https://www.amazon.in/Lauret-Notebook-Journal-Natural-Shade/dp/B07YCV3W9Z/ref=sr_1_41?dchild=1&keywords=notebook&qid=1595401671&sr=8-41,B07YCV3W9Z,"{'name': 'Notebook', 'url': 'https://www.amazon.in/s?k=notebook'}"
https://www.amazon.in/Classmate-Hard-Unruled-Long-Book/dp/B0751FRWJW/ref=sr_1_33?dchild=1&keywords=notebook&qid=1595401671&sr=8-33#customerReviews,B0751FRWJW,"{'name': 'Notebook', 'url': 'https://www.amazon.in/s?k=notebook'}"
https://www.amazon.in/Classmate-Notebook-Single-Line-Pages/dp/B086Q2PJDW/ref=sr_1_45?dchild=1&keywords=notebook&qid=1595401671&sr=8-45,B086Q2PJDW,"{'name': 'Notebook', 'url': 'https://www.amazon.in/s?k=notebook'}"
https://www.amazon.in/Luxor-Subject-Premium-Exercise-Notebook/dp/B07ZNRS3L5/ref=sr_1_39?dchild=1&keywords=notebook&qid=1595401671&sr=8-39,B07ZNRS3L5,"{'name': 'Notebook', 'url': 'https://www.amazon.in/s?k=notebook'}"
https://www.amazon.in/Navneet-HQ-Ganesha-Bound-Notebook/dp/B082NJ1BVK/ref=sr_1_52?dchild=1&keywords=notebook&qid=1595401671&sr=8-52#customerReviews,B082NJ1BVK,"{'name': 'Notebook', 'url': 'https://www.amazon.in/s?k=notebook'}"
https://www.amazon.in/AmazonBasics-Classic-Notebook-Plain-130mm/dp/B01DN8TB5U/ref=ice_ac_b_dpb?dchild=1&keywords=notebook&qid=1595401671&sr=8-14,B01DN8TB5U,"{'name': 'Notebook', 'url': 'https://www.amazon.in/s?k=notebook'}"
https://www.amazon.in/Classmate-ITC-Wir-200Pg-Ruld/dp/B07KCSKCB3/ref=sr_1_8?dchild=1&keywords=notebook&qid=1595401671&sr=8-8,B07KCSKCB3,"{'name': 'Notebook', 'url': 'https://www.amazon.in/s?k=notebook'}"
https://www.amazon.in/Classmate-Premium-Subject-Spiral-Notebook/dp/B00LZLQ0TS/ref=sr_1_34?dchild=1&keywords=notebook&qid=1595401671&sr=8-34#customerReviews,B00LZLQ0TS,"{'name': 'Notebook', 'url': 'https://www.amazon.in/s?k=notebook'}"
https://www.amazon.in/Factor-Notes-Journal-Diary-Notebook/dp/B07SCXQY7W/ref=sr_1_7?dchild=1&keywords=notebook&qid=1595401671&sr=8-7#customerReviews,B07SCXQY7W,"{'name': 'Notebook', 'url': 'https://www.amazon.in/s?k=notebook'}"
https://www.amazon.in/Factor-Notes-Journal-Diary-Notebook/dp/B07S8N89YD/ref=sr_1_42?dchild=1&keywords=notebook&qid=1595401671&sr=8-42#customerReviews,B07S8N89YD,"{'name': 'Notebook', 'url': 'https://www.amazon.in/s?k=notebook'}"
https://www.amazon.in/Luxor-Subject-Premium-Exercise-Notebook/dp/B07Q6XTPP9/ref=sr_1_11?dchild=1&keywords=notebook&qid=1595401671&sr=8-11,B07Q6XTPP9,"{'name': 'Notebook', 'url': 'https://www.amazon.in/s?k=notebook'}"
https://www.amazon.in/Classmate-Hard-Unruled-Long-Book/dp/B0751FRWJW/ref=sr_1_33?dchild=1&keywords=notebook&qid=1595401671&sr=8-33,B0751FRWJW,"{'name': 'Notebook', 'url': 'https://www.amazon.in/s?k=notebook'}"
https://www.amazon.in/Luxor-Subject-Premium-Exercise-Notebook/dp/B07Q6XTV4K/ref=sr_1_35?dchild=1&keywords=notebook&qid=1595401671&sr=8-35,B07Q6XTV4K,"{'name': 'Notebook', 'url': 'https://www.amazon.in/s?k=notebook'}"
https://www.amazon.in/Luxor-Subject-Premium-Exercise-Notebook/dp/B07Q3QV7X5/ref=sr_1_25?dchild=1&keywords=notebook&qid=1595401671&sr=8-25,B07Q3QV7X5,"{'name': 'Notebook', 'url': 'https://www.amazon.in/s?k=notebook'}"
https://www.amazon.in/Paperkraft-Signature-Notebook-Single-Pattern/dp/B00P93WUJ2/ref=sr_1_12?dchild=1&keywords=notebook&qid=1595401671&sr=8-12#customerReviews,B00P93WUJ2,"{'name': 'Notebook', 'url': 'https://www.amazon.in/s?k=notebook'}"
https://www.amazon.in/Classmate-Selfie-Single-6-Subject-Notebook/dp/B075FT2F2K/ref=sr_1_15?dchild=1&keywords=notebook&qid=1595401671&sr=8-15#customerReviews,B075FT2F2K,"{'name': 'Notebook', 'url': 'https://www.amazon.in/s?k=notebook'}"
https://www.amazon.in/Classmate-Pulse-Spiral-Notebook-Unruled/dp/B00P93X2H6/ref=sr_1_13?dchild=1&keywords=notebook&qid=1595401671&sr=8-13,B00P93X2H6,"{'name': 'Notebook', 'url': 'https://www.amazon.in/s?k=notebook'}"
https://www.amazon.in/TARGET-PUBLICATIONS-Notebooks-Writing-Numbers/dp/B081CYTHDK/ref=sr_1_19?dchild=1&keywords=notebook&qid=1595401671&sr=8-19,B081CYTHDK,"{'name': 'Notebook', 'url': 'https://www.amazon.in/s?k=notebook'}"
https://www.amazon.in/Factor-Notes-2-1-Notebook/dp/B081B14SKZ/ref=sr_1_20?dchild=1&keywords=notebook&qid=1595401671&sr=8-20#customerReviews,B081B14SKZ,"{'name': 'Notebook', 'url': 'https://www.amazon.in/s?k=notebook'}"
