url,product_id,category,title,price,scraped,timestamp
https://www.amazon.in/LifeDigital-Zed-Note-CX3-Touchscreen/dp/B0854QKMFY/ref=sr_1_20?dchild=1&keywords=laptop&qid=1595401659&sr=8-20#customerReviews,B0854QKMFY,"{'name': 'Laptops', 'url': 'https://www.amazon.in/s?k=laptop'}","LifeDigital Zed Note CX3 13.3-inch Touchscreen Convertible Laptop (Intel Core i3/8GB/256GB SSD/Windows 10/Intel HD Graphics), Silver","₹ 33,205.00",1,1595401813.94586
https://www.amazon.in/LifeDigital-Zed-AIR-Windows-Graphics/dp/B0854QFQFV/ref=sr_1_6?dchild=1&keywords=laptop&qid=1595401659&sr=8-6,B0854QFQFV,"{'name': 'Laptops', 'url': 'https://www.amazon.in/s?k=laptop'}","LifeDigital Zed AIR X 2020 15.6 inch Laptop (Intel Core i3 5005U/8GB/256GB SSD/Windows 10/Intel HD 5500 Graphics), Black","₹ 27,788.00",1,1595401822.528064
https://www.amazon.in/LifeDigital-Zed-AIR-Windows-Graphics/dp/B0854QFQFV/ref=sr_1_6?dchild=1&keywords=laptop&qid=1595401659&sr=8-6#customerReviews,B0854QFQFV,"{'name': 'Laptops', 'url': 'https://www.amazon.in/s?k=laptop'}","LifeDigital Zed AIR X 2020 15.6 inch Laptop (Intel Core i3 5005U/8GB/256GB SSD/Windows 10/Intel HD 5500 Graphics), Black","₹ 27,788.00",1,1595401825.153509
https://www.amazon.in/Lenovo-ThinkPad-11-6-Business-Laptop/dp/B0848RB868/ref=sr_1_9?dchild=1&keywords=laptop&qid=1595401659&sr=8-9#customerReviews,B0848RB868,"{'name': 'Laptops', 'url': 'https://www.amazon.in/s?k=laptop'}","Lenovo ThinkPad 11E (5th Gen) 11.6"" HD Business Laptop - Intel Celeron Quad-Core, 4 GB Ram, 128GB SSD, Windows 10 Pro (Renewed)","₹ 34,999.00",1,1595401835.196987
https://www.amazon.in/Lenovo-ThinkPad-11-6-Business-Laptop/dp/B0848RB868/ref=sr_1_9?dchild=1&keywords=laptop&qid=1595401659&sr=8-9,B0848RB868,"{'name': 'Laptops', 'url': 'https://www.amazon.in/s?k=laptop'}","Lenovo ThinkPad 11E (5th Gen) 11.6"" HD Business Laptop - Intel Celeron Quad-Core, 4 GB Ram, 128GB SSD, Windows 10 Pro (Renewed)","₹ 34,999.00",1,1595401846.436224
https://www.amazon.in/Acer-A315-56-15-6-inch-i3-1005G1-Graphics/dp/B088CFBQFN/ref=sr_1_19?dchild=1&keywords=laptop&qid=1595401659&sr=8-19,B088CFBQFN,"{'name': 'Laptops', 'url': 'https://www.amazon.in/s?k=laptop'}","Acer Aspire 3 A315-56 15.6-inch Laptop (Intel Core i3-1005G1/4GB/1TB HDD/Window 10, Home, 64Bit/Intel UHD Graphics), Black","₹ 37,490.00",1,1595401867.665737
https://www.amazon.in/Lenovo-Ideapad-A6-9225-Windows-81N30063IN/dp/B081Z4H8BM/ref=sr_1_3?dchild=1&keywords=laptop&qid=1595401659&sr=8-3,B081Z4H8BM,"{'name': 'Laptops', 'url': 'https://www.amazon.in/s?k=laptop'}",,,1,1595401877.676478
https://www.amazon.in/Lenovo-V14-14-inch-Laptop-82C6000KIH/dp/B08CXSLPTZ/ref=sr_1_7?dchild=1&keywords=laptop&qid=1595401659&sr=8-7,B08CXSLPTZ,"{'name': 'Laptops', 'url': 'https://www.amazon.in/s?k=laptop'}",Lenovo V14 AMD RYZEN 3 3250U 14-inch HD Laptop (4GB/1TB/Dos/Iron Grey/1.85Kg) 82C6000KIH,"₹ 36,181.00",1,1595401882.906674
https://www.amazon.in/Lenovo-Ideapad-Generation-Windows-81VD00D3IN/dp/B088RM62WJ/ref=sr_1_8?dchild=1&keywords=laptop&qid=1595401659&sr=8-8,B088RM62WJ,"{'name': 'Laptops', 'url': 'https://www.amazon.in/s?k=laptop'}","Lenovo Ideapad S145 8th Generation Intel Core i3 15.6 inch FHD Thin and Light Laptop (8GB/1 TB HDD/Windows 10/Office 2019/Grey/1.85Kg), 81VD00D3IN","₹ 36,990.00",1,1595401907.559669
https://www.amazon.in/ASUS-VivoBook-i5-1035G1-Transparent-X409JB-EK591T/dp/B089TQWJB5/ref=sr_1_14?dchild=1&keywords=laptop&qid=1595401659&sr=8-14,B089TQWJB5,"{'name': 'Laptops', 'url': 'https://www.amazon.in/s?k=laptop'}","ASUS VivoBook 14 Intel Core i5-1035G1 10th Gen 14-inch FHD Compact and Light Laptop (8GB RAM/512GB NVMe SSD/Windows 10/2GB NVIDIA GeForce MX110 Graphics/Transparent Silver/1.60 kg), X409JB-EK591T","₹ 51,827.00",1,1595401932.584795
https://www.amazon.in/HP-ds0058TU-15-6-inch-i3-8130U-Windows/dp/B085W6QPYF/ref=sr_1_15?dchild=1&keywords=laptop&qid=1595401659&sr=8-15#customerReviews,B085W6QPYF,"{'name': 'Laptops', 'url': 'https://www.amazon.in/s?k=laptop'}","HP 15q ds0058TU 15.6-inch Laptop (8th Gen Core i3-8130U/4GB/1TB HDD/Windows 10 Home/MS Office 2019), Jet Black","₹ 35,469.00",1,1595401952.16452
https://www.amazon.in/ASUS-VivoBook-X409FA-EK341T-Integrated-Transparent/dp/B088R77FJ3/ref=sr_1_17?dchild=1&keywords=laptop&qid=1595401659&sr=8-17#customerReviews,B088R77FJ3,"{'name': 'Laptops', 'url': 'https://www.amazon.in/s?k=laptop'}",,,1,1595401962.846173
https://www.amazon.in/ASUS-VivoBook-i5-1035G1-Graphics-X409JB-EK592T/dp/B089TP2JM7/ref=sr_1_16?dchild=1&keywords=laptop&qid=1595401659&sr=8-16,B089TP2JM7,"{'name': 'Laptops', 'url': 'https://www.amazon.in/s?k=laptop'}","ASUS VivoBook 14 Intel Core i5-1035G1 10th Gen 14-inch FHD Compact and Light Laptop (8GB RAM/512GB NVMe SSD/Windows 10/2GB NVIDIA GeForce MX110 Graphics/Slate Grey/1.60 kg), X409JB-EK592T","₹ 51,139.00",1,1595401991.047112
https://www.amazon.in/Lenovo-Ideapad-Generation-Windows-81VD00D3IN/dp/B088RM62WJ/ref=sr_1_8?dchild=1&keywords=laptop&qid=1595401659&sr=8-8#customerReviews,B088RM62WJ,"{'name': 'Laptops', 'url': 'https://www.amazon.in/s?k=laptop'}","Lenovo Ideapad S145 8th Generation Intel Core i3 15.6 inch FHD Thin and Light Laptop (8GB/1 TB HDD/Windows 10/Office 2019/Grey/1.85Kg), 81VD00D3IN","₹ 36,990.00",1,1595402012.787427
https://www.amazon.in/ASUS-VivoBook-X409FA-EK341T-Integrated-Transparent/dp/B088R77FJ3/ref=sr_1_17?dchild=1&keywords=laptop&qid=1595401659&sr=8-17,B088R77FJ3,"{'name': 'Laptops', 'url': 'https://www.amazon.in/s?k=laptop'}",,,1,1595402024.736112
https://www.amazon.in/Acer-SF314-41-Dual-core-processor-Integrated/dp/B08BVP6CRW/ref=sr_1_18?dchild=1&keywords=laptop&qid=1595401659&sr=8-18,B08BVP6CRW,"{'name': 'Laptops', 'url': 'https://www.amazon.in/s?k=laptop'}","Acer Swift 3 SF314-41 14-inch Laptop (AMD Athlon 300U Dual-core processor/4GB/1TB HDD/Window 10 Home 64Bit/Integrated Graphics), Silver","₹ 34,999.00",1,1595402039.077303
https://www.amazon.in/Lenovo-Ideapad-A6-9225-Windows-81N30063IN/dp/B081Z4H8BM/ref=sr_1_3?dchild=1&keywords=laptop&qid=1595401659&sr=8-3#customerReviews,B081Z4H8BM,"{'name': 'Laptops', 'url': 'https://www.amazon.in/s?k=laptop'}","Lenovo Ideapad S145 AMD A6-9225 15.6 inch HD Thin and Light Laptop (4GB/1TB/Windows 10/Grey/1.85Kg), 81N30063IN","₹ 23,990.00",1,1595402051.445632
https://www.amazon.in/LifeDigital-Zed-Note-CX3-Touchscreen/dp/B0854QKMFY/ref=sr_1_20?dchild=1&keywords=laptop&qid=1595401659&sr=8-20,B0854QKMFY,"{'name': 'Laptops', 'url': 'https://www.amazon.in/s?k=laptop'}","LifeDigital Zed Note CX3 13.3-inch Touchscreen Convertible Laptop (Intel Core i3/8GB/256GB SSD/Windows 10/Intel HD Graphics), Silver","₹ 33,205.00",1,1595402062.708587
https://www.amazon.in/HP-db1069AU-15-6-inch-Windows-Graphics/dp/B083RD58F6/ref=sr_1_13?dchild=1&keywords=laptop&qid=1595401659&sr=8-13,B083RD58F6,"{'name': 'Laptops', 'url': 'https://www.amazon.in/s?k=laptop'}",,,1,1595402071.099122
https://www.amazon.in/Acer-One-14-Z2-485-Processor/dp/B08D8H4382/ref=sr_1_5?dchild=1&keywords=laptop&qid=1595401659&sr=8-5,B08D8H4382,"{'name': 'Laptops', 'url': 'https://www.amazon.in/s?k=laptop'}",Acer One 14 Z2-485 14-inch Laptop (Intel Pentium Gold Processor) 4415U/4GB/1TB HDD/Windows 10 Home Single Language 64 Bit with Intel HD 610 Graphics 3 Years Warranty Black,"₹ 29,000.00",1,1595402077.454306
https://www.amazon.in/HP-Processor-14-inch-Laptop-cs0029TU/dp/B085W7G5TL/ref=sr_1_10?dchild=1&keywords=laptop&qid=1595401659&sr=8-10#customerReviews,B085W7G5TL,"{'name': 'Laptops', 'url': 'https://www.amazon.in/s?k=laptop'}",,,1,1595402086.9075
https://www.amazon.in/HP-Processor-14-inch-Laptop-cs0029TU/dp/B085W7G5TL/ref=sr_1_10?dchild=1&keywords=laptop&qid=1595401659&sr=8-10,B085W7G5TL,"{'name': 'Laptops', 'url': 'https://www.amazon.in/s?k=laptop'}",,,1,1595402091.859409
https://www.amazon.in/HP-db1069AU-15-6-inch-Windows-Graphics/dp/B083RD58F6/ref=sr_1_13?dchild=1&keywords=laptop&qid=1595401659&sr=8-13#customerReviews,B083RD58F6,"{'name': 'Laptops', 'url': 'https://www.amazon.in/s?k=laptop'}",,,1,1595402098.410349
https://www.amazon.in/HP-ds0058TU-15-6-inch-i3-8130U-Windows/dp/B085W6QPYF/ref=sr_1_15?dchild=1&keywords=laptop&qid=1595401659&sr=8-15,B085W6QPYF,"{'name': 'Laptops', 'url': 'https://www.amazon.in/s?k=laptop'}","HP 15q ds0058TU 15.6-inch Laptop (8th Gen Core i3-8130U/4GB/1TB HDD/Windows 10 Home/MS Office 2019), Jet Black","₹ 35,469.00",1,1595402110.886638
https://www.amazon.in/ASUS-VivoBook-Integrated-Transparent-M409DA-EK483TS/dp/B08BS4B8FG/ref=sr_1_4?dchild=1&keywords=laptop&qid=1595401659&sr=8-4,B08BS4B8FG,"{'name': 'Laptops', 'url': 'https://www.amazon.in/s?k=laptop'}","ASUS VivoBook 14 AMD Ryzen 3 3250U 14-inch FHD Compact and Light Laptop (4GB RAM/256GB NVMe SSD/Windows 10/MS Office 2019/Integrated Graphics/Transparent Silver/1.60 kg), M409DA-EK483TS","₹ 30,077.00",1,1595402120.049993
https://www.amazon.in/Callas-Re-usable-Pollution-Filtration-Respirator/dp/B089CPP26Y/ref=sr_1_33?dchild=1&keywords=n95+mask&qid=1595401665&sr=8-33,B089CPP26Y,"{'name': 'N95 Mask', 'url': 'https://www.amazon.in/s?k=n95+mask'}","Callas Premium Quality N95 Re-usable Mask Anti Pollution, High Filtration Capacity 5 Layered; With Respirator","₹ 619.00 - ₹ 1,300.00",1,1595402143.682906
https://www.amazon.in/Tesseract-Respirator-Breathable-Protective-protection/dp/B08CZT7DYF/ref=sr_1_37?dchild=1&keywords=n95+mask&qid=1595401665&sr=8-37,B08CZT7DYF,"{'name': 'N95 Mask', 'url': 'https://www.amazon.in/s?k=n95+mask'}",Tesseract N-95 Face Mask Respirator Anti-Dust Breathable Protective Mask with N95 Filter for Adults men Women 5 layer protection Face Mask (Pack of 50) | TR-White Mask-50,"₹ 1,139.00",1,1595402173.605923
https://www.amazon.in/Standard-Certified-5-Layered-Protection-Blue-Black-Gray/dp/B088RNK95K/ref=sr_1_4?dchild=1&keywords=n95+mask&qid=1595401665&sr=8-4,B088RNK95K,"{'name': 'N95 Mask', 'url': 'https://www.amazon.in/s?k=n95+mask'}",Marc Loire- Made in India Standard Size ISO CE Certified Reusable/Washable 5-Layered Outdoor Protection Face Mask with Improved Ear Loops for Men/Women (Pack of 3)(Blue-Black-Gray),₹ 299.00,1,1595402183.21042
https://www.amazon.in/Amazon-Brand-Solimo-Anti-Pollution-Mask/dp/B0872Q2CR2/ref=sr_1_48?dchild=1&keywords=n95+mask&qid=1595401665&sr=8-48,B0872Q2CR2,"{'name': 'N95 Mask', 'url': 'https://www.amazon.in/s?k=n95+mask'}","Amazon Brand - Solimo N95 Anti-Pollution Mask, Set of 3",₹ 349.00,1,1595402196.542731
https://www.amazon.in/Amazon-Brand-Solimo-Non-Washable-Anti-Pollution/dp/B0872QGDXX/ref=sr_1_3?dchild=1&keywords=n95+mask&qid=1595401665&sr=8-3,B0872QGDXX,"{'name': 'N95 Mask', 'url': 'https://www.amazon.in/s?k=n95+mask'}","Amazon Brand - Solimo Non-Washable N95 Anti-Pollution Mask, Set of 5",₹ 499.00,1,1595402208.945704
https://www.amazon.in/SanNap-Luxuria-Designer-Pollution-Breathing/dp/B08BB8HTLD/ref=sxin_7?ascsubtag=amzn1.osa.409223a9-aabb-4203-979c-ffc573d2306f.A21TJRUUN4KGV.en_IN&creativeASIN=B08BB8HTLD&cv_ct_cx=n95+mask&cv_ct_id=amzn1.osa.409223a9-aabb-4203-979c-ffc573d2306f.A21TJRUUN4KGV.en_IN&cv_ct_pg=search&cv_ct_wn=osp-single-source-gl-ranking&dchild=1&keywords=n95+mask&linkCode=oas&pd_rd_i=B08BB8HTLD&pd_rd_r=c371385b-eca8-452d-a0b7-d2a4805c406a&pd_rd_w=H9Iy9&pd_rd_wg=j5JDg&pf_rd_p=a405b90d-908a-491d-912a-37b593272670&pf_rd_r=KKP45G92VD5Y8RY02V79&qid=1595401665&sr=1-2-5b72de9d-29e4-4d53-b588-61ea05f598f4&tag=firstpost1610-21#customerReviews,B08BB8HTLD,"{'name': 'N95 Mask', 'url': 'https://www.amazon.in/s?k=n95+mask'}",,,1,1595402224.703101
https://www.amazon.in/Boldfit-Pollution-protective-manufacturer-Ministry/dp/B08BFYYVYR/ref=sr_1_24?dchild=1&keywords=n95+mask&qid=1595401665&sr=8-24#customerReviews,B08BFYYVYR,"{'name': 'N95 Mask', 'url': 'https://www.amazon.in/s?k=n95+mask'}","Boldfit N95 mask for face (Pack of 10) Anti Pollution, protective. Third Party Tested by manufacturer at SGS & Ministry of Textiles","₹ 1,090.00",1,1595402237.107786
https://www.amazon.in/Callas-Re-usable-Pollution-Filtration-Respirator/dp/B089CPP26Y/ref=sr_1_33?dchild=1&keywords=n95+mask&qid=1595401665&sr=8-33#customerReviews,B089CPP26Y,"{'name': 'N95 Mask', 'url': 'https://www.amazon.in/s?k=n95+mask'}","Callas Premium Quality N95 Re-usable Mask Anti Pollution, High Filtration Capacity 5 Layered; With Respirator","₹ 619.00 - ₹ 1,300.00",1,1595402243.530659
https://www.amazon.in/ORILEY-Certified-Layer-Disposable-Respirator/dp/B088QWV35K/ref=sr_1_43?dchild=1&keywords=n95+mask&qid=1595401665&sr=8-43#customerReviews,B088QWV35K,"{'name': 'N95 Mask', 'url': 'https://www.amazon.in/s?k=n95+mask'}",ORILEY CE & ISO Certified 5 Layer Disposable Face Mask with Nose Pin & Respirator for Men & Women (1 PC),₹ 85.00,1,1595402263.111749
https://www.amazon.in/Multilayered-Washable-Reusable-Anti-Pollution-protection/dp/B08942WH8V/ref=sr_1_19?dchild=1&keywords=n95+mask&qid=1595401665&sr=8-19#customerReviews,B08942WH8V,"{'name': 'N95 Mask', 'url': 'https://www.amazon.in/s?k=n95+mask'}",,,1,1595402270.41254
https://www.amazon.in/ORILEY-K-N95-Approved-Disposable-Respirator/dp/B088QVYX2M/ref=sr_1_44?dchild=1&keywords=n95+mask&qid=1595401665&sr=8-44#customerReviews,B088QVYX2M,"{'name': 'N95 Mask', 'url': 'https://www.amazon.in/s?k=n95+mask'}",ORILEY K-N95 FDA Approved 5 Layer Disposable Face Mask with Filter & Nose Pin Respirator for Men & Women (2 Pcs),₹ 195.00,1,1595402277.041993
https://www.amazon.in/Respirator-Anti-Dust-Breathable-Protective-protection/dp/B08CCF8PDZ/ref=sr_1_13?dchild=1&keywords=n95+mask&qid=1595401665&sr=8-13#customerReviews,B08CCF8PDZ,"{'name': 'N95 Mask', 'url': 'https://www.amazon.in/s?k=n95+mask'}",A & Y STORE KN-95 Face Mask Respirator Anti-Dust Breathable Protective Mask with N95 Filter for Adults men Women 5 layer protection Face Mask,₹ 49.00 - ₹ 199.00,1,1595402281.634017
https://www.amazon.in/NOVEX-ALTEK-Face-Mask-Respirator/dp/B089S25S44/ref=sr_1_22?dchild=1&keywords=n95+mask&qid=1595401665&sr=8-22#customerReviews,B089S25S44,"{'name': 'N95 Mask', 'url': 'https://www.amazon.in/s?k=n95+mask'}",NOVEX ALTEK Face Mask with Respirator (Grey) - Pack of 5,₹ 240.98,1,1595402289.073337
https://www.amazon.in/Sabaira-Mask-Protect-N95-Washable/dp/B08B1KDSFG/ref=sr_1_28?dchild=1&keywords=n95+mask&qid=1595401665&sr=8-28#customerReviews,B08B1KDSFG,"{'name': 'N95 Mask', 'url': 'https://www.amazon.in/s?k=n95+mask'}","Sabaira Mask Protect + N95 Washable - Reusable, Anti Dust/Pollution and Anti Bacterial Shield with 4 Layered Ply Protected Mask for Men and Women (Pack Of 5) - Any Random Color",₹ 499.00,1,1595402300.479864
https://www.amazon.in/Xtore-Comfortable-Pollution-Breathing-Perticulate/dp/B07LDVP7DV/ref=sxin_7?ascsubtag=amzn1.osa.409223a9-aabb-4203-979c-ffc573d2306f.A21TJRUUN4KGV.en_IN&creativeASIN=B07LDVP7DV&cv_ct_cx=n95+mask&cv_ct_id=amzn1.osa.409223a9-aabb-4203-979c-ffc573d2306f.A21TJRUUN4KGV.en_IN&cv_ct_pg=search&cv_ct_wn=osp-single-source-gl-ranking&dchild=1&keywords=n95+mask&linkCode=oas&pd_rd_i=B07LDVP7DV&pd_rd_r=c371385b-eca8-452d-a0b7-d2a4805c406a&pd_rd_w=H9Iy9&pd_rd_wg=j5JDg&pf_rd_p=a405b90d-908a-491d-912a-37b593272670&pf_rd_r=KKP45G92VD5Y8RY02V79&qid=1595401665&sr=1-3-5b72de9d-29e4-4d53-b588-61ea05f598f4&tag=firstpost1610-21,B07LDVP7DV,"{'name': 'N95 Mask', 'url': 'https://www.amazon.in/s?k=n95+mask'}",,,1,1595402311.077306
https://www.amazon.in/TBF-Trends-Multicolour-protective-particulate-filtration/dp/B0874MXS2W/ref=sr_1_31?dchild=1&keywords=n95+mask&qid=1595401665&sr=8-31#customerReviews,B0874MXS2W,"{'name': 'N95 Mask', 'url': 'https://www.amazon.in/s?k=n95+mask'}","Nechams® by TBF-Trends K-N95 Mask, Multicolour efficient protective K-N95 mask for adults High particulate filtration, for regular use, outdoor, travel, industrial activitie",₹ 75.00,1,1595402318.248686
https://www.amazon.in/ORILEY-K-N95-Approved-Disposable-Respirator/dp/B088QVZGPZ/ref=sr_1_23?dchild=1&keywords=n95+mask&qid=1595401665&sr=8-23#customerReviews,B088QVZGPZ,"{'name': 'N95 Mask', 'url': 'https://www.amazon.in/s?k=n95+mask'}",ORILEY K-N95 FDA Approved 5 Layer Disposable Face Mask with Filter & Nose Pin Respirator for Men & Women (1 pc),₹ 100.00,1,1595402324.333482
https://www.amazon.in/ClearCut-Reusable-certified-pollution-currently/dp/B08876ZWT3/ref=sr_1_1?dchild=1&keywords=n95+mask&qid=1595401665&sr=8-1#customerReviews,B08876ZWT3,"{'name': 'N95 Mask', 'url': 'https://www.amazon.in/s?k=n95+mask'}","ClearCut N95 face mask, reusable washable, pack of 20",₹ 245.00,1,1595402334.102225
https://www.amazon.in/Nasher-Miles-AntiBacterial-Respirator-Face/dp/B08BJL73XM/ref=sr_1_47?dchild=1&keywords=n95+mask&qid=1595401665&sr=8-47#customerReviews,B08BJL73XM,"{'name': 'N95 Mask', 'url': 'https://www.amazon.in/s?k=n95+mask'}",Nasher Miles Anti Pollution Anti Heat Anti Dust AntiBacterial Respirator Mask SITRA Approved 5 Layer Reusable Outdoor Face Mask PACK OF 3,₹ 395.00,1,1595402344.552505
https://www.amazon.in/Cozylife-Women-Adults-Filter-Protection/dp/B089K91MK8/ref=sr_1_8?dchild=1&keywords=n95+mask&qid=1595401665&sr=8-8,B089K91MK8,"{'name': 'N95 Mask', 'url': 'https://www.amazon.in/s?k=n95+mask'}","Vocado 5 Layer Filter Protection Face Mask Kn95 With Nose Clip for Adults (Pack of 4, White)",₹ 139.00,1,1595402359.218138
https://www.amazon.in/Dabur-Safe-N95-face-mask/dp/B08894D926/ref=sr_1_9?dchild=1&keywords=n95+mask&qid=1595401665&sr=8-9#customerReviews,B08894D926,"{'name': 'N95 Mask', 'url': 'https://www.amazon.in/s?k=n95+mask'}",DABUR Safe N95 face mask,₹ 195.75,1,1595402369.117563
https://www.amazon.in/Protective-Respirator-Pollution-Respiratory-Protection/dp/B0898N72RN/ref=sr_1_17?dchild=1&keywords=n95+mask&qid=1595401665&sr=8-17#customerReviews,B0898N72RN,"{'name': 'N95 Mask', 'url': 'https://www.amazon.in/s?k=n95+mask'}","Sassoon® Original masks for face n95 Reusable Protective Mask with Respirator, Can be Use as Pollution Mask & Face Mask, Best for Respiratory Protection",₹ 285.00 - ₹ 955.00,1,1595402380.473254
https://www.amazon.in/Forte-Anti-Fog-Dust-Proof-Adjustable-Approved/dp/B088Q2FGLQ/ref=sr_1_2?dchild=1&keywords=n95+mask&qid=1595401665&sr=8-2#customerReviews,B088Q2FGLQ,"{'name': 'N95 Mask', 'url': 'https://www.amazon.in/s?k=n95+mask'}","La' Forte N95 5-Layer Anti-Fog, Dust-Proof Adjustable NIOSH Approved Reusable Mask (3 Pieces)",₹ 290.00,1,1595402389.479119
https://www.amazon.in/Glammore-Reusable-Pollution-Respirator-Valve/dp/B0892RHGXD/ref=sxin_7?ascsubtag=amzn1.osa.409223a9-aabb-4203-979c-ffc573d2306f.A21TJRUUN4KGV.en_IN&creativeASIN=B0892RHGXD&cv_ct_cx=n95+mask&cv_ct_id=amzn1.osa.409223a9-aabb-4203-979c-ffc573d2306f.A21TJRUUN4KGV.en_IN&cv_ct_pg=search&cv_ct_wn=osp-single-source-gl-ranking&dchild=1&keywords=n95+mask&linkCode=oas&pd_rd_i=B0892RHGXD&pd_rd_r=c371385b-eca8-452d-a0b7-d2a4805c406a&pd_rd_w=H9Iy9&pd_rd_wg=j5JDg&pf_rd_p=a405b90d-908a-491d-912a-37b593272670&pf_rd_r=KKP45G92VD5Y8RY02V79&qid=1595401665&sr=1-4-5b72de9d-29e4-4d53-b588-61ea05f598f4&tag=firstpost1610-21,B0892RHGXD,"{'name': 'N95 Mask', 'url': 'https://www.amazon.in/s?k=n95+mask'}","Glammore N95 Non Woven Reusable Washable, Anti Pollution Dust Face Mask with Respirator Valve- White, Free Size, Pack of 2",₹ 359.00,1,1595402395.959512
https://www.amazon.in/Avekin-Respirator-filter-Washable-Reusable/dp/B08CNJQJ1Z/ref=sr_1_18?dchild=1&keywords=n95+mask&qid=1595401665&sr=8-18,B08CNJQJ1Z,"{'name': 'N95 Mask', 'url': 'https://www.amazon.in/s?k=n95+mask'}",Avekin K-N95 Masks With Respirator With Air filter Washable Mask Pack Of 5 (Reusable) (Pink),₹ 385.00,1,1595402403.52873
https://www.amazon.in/CAREVIEWTM-CV1221H-Protective-Layered-Filtration/dp/B08951PPT1/ref=sr_1_32?dchild=1&keywords=n95+mask&qid=1595401665&sr=8-32,B08951PPT1,"{'name': 'N95 Mask', 'url': 'https://www.amazon.in/s?k=n95+mask'}","CAREVIEW™ CV1221H N95 FFP2 Protective Face Mask, 6 Layered Filtration with Head Band Strap- (Pack of 3)",₹ 360.00,1,1595402412.440915
https://www.amazon.in/DALUCI-Reusable-Pollution-Layer-Women/dp/B0893WWSG5/ref=sr_1_11?dchild=1&keywords=n95+mask&qid=1595401665&sr=8-11,B0893WWSG5,"{'name': 'N95 Mask', 'url': 'https://www.amazon.in/s?k=n95+mask'}","DALUCI N95 Reusable Mask Anti Air Pollution Face Mask With 5 Layer For Men Women (White, 2 Pack)",₹ 199.00,1,1595402424.079983
https://www.amazon.in/Thermocare-Pollution-mask-women-pack/dp/B085KYH595/ref=sr_1_36?dchild=1&keywords=n95+mask&qid=1595401665&sr=8-36,B085KYH595,"{'name': 'N95 Mask', 'url': 'https://www.amazon.in/s?k=n95+mask'}",Thermocare Pollution mask for men and women pack of 2,₹ 193.00,1,1595402431.384417
https://www.amazon.in/Boldfit-Pollution-protective-manufacturer-Ministry/dp/B08BFYYVYR/ref=sr_1_24?dchild=1&keywords=n95+mask&qid=1595401665&sr=8-24,B08BFYYVYR,"{'name': 'N95 Mask', 'url': 'https://www.amazon.in/s?k=n95+mask'}","Boldfit N95 mask for face (Pack of 10) Anti Pollution, protective. Third Party Tested by manufacturer at SGS & Ministry of Textiles","₹ 1,090.00",1,1595402436.573128
https://www.amazon.in/Xtore-Comfortable-Pollution-Breathing-Perticulate/dp/B07LDVP7DV/ref=sr_1_5?dchild=1&keywords=n95+mask&qid=1595401665&sr=8-5#customerReviews,B07LDVP7DV,"{'name': 'N95 Mask', 'url': 'https://www.amazon.in/s?k=n95+mask'}",,,1,1595402442.173222
https://www.amazon.in/Multilayered-Washable-Reusable-Anti-Pollution-protection/dp/B08942WH8V/ref=sr_1_19?dchild=1&keywords=n95+mask&qid=1595401665&sr=8-19,B08942WH8V,"{'name': 'N95 Mask', 'url': 'https://www.amazon.in/s?k=n95+mask'}",,,1,1595402446.151805
https://www.amazon.in/london-Double-Filter-Sanitizer-Prevention/dp/B0892MTSDB/ref=sr_1_15?dchild=1&keywords=n95+mask&qid=1595401665&sr=8-15,B0892MTSDB,"{'name': 'N95 Mask', 'url': 'https://www.amazon.in/s?k=n95+mask'}","london Double Filter Mask, Hand Sanitizer, Wipes, Hand Gloves, 3 Ply Mask Prevention Kit",₹ 599.00,1,1595402451.785432
https://www.amazon.in/Amazon-Brand-Solimo-Non-Washable-Anti-Pollution/dp/B0872QGDXX/ref=sr_1_3?dchild=1&keywords=n95+mask&qid=1595401665&sr=8-3#customerReviews,B0872QGDXX,"{'name': 'N95 Mask', 'url': 'https://www.amazon.in/s?k=n95+mask'}","Amazon Brand - Solimo Non-Washable N95 Anti-Pollution Mask, Set of 5",₹ 499.00,1,1595402456.27353
https://www.amazon.in/Mrideena-Anti-Pollution-Mask-Valve/dp/B089WLG9H2/ref=sxin_7?ascsubtag=amzn1.osa.409223a9-aabb-4203-979c-ffc573d2306f.A21TJRUUN4KGV.en_IN&creativeASIN=B089WLG9H2&cv_ct_cx=n95+mask&cv_ct_id=amzn1.osa.409223a9-aabb-4203-979c-ffc573d2306f.A21TJRUUN4KGV.en_IN&cv_ct_pg=search&cv_ct_wn=osp-single-source-gl-ranking&dchild=1&keywords=n95+mask&linkCode=oas&pd_rd_i=B089WLG9H2&pd_rd_r=c371385b-eca8-452d-a0b7-d2a4805c406a&pd_rd_w=H9Iy9&pd_rd_wg=j5JDg&pf_rd_p=a405b90d-908a-491d-912a-37b593272670&pf_rd_r=KKP45G92VD5Y8RY02V79&qid=1595401665&sr=1-1-5b72de9d-29e4-4d53-b588-61ea05f598f4&tag=firstpost1610-21#customerReviews,B089WLG9H2,"{'name': 'N95 Mask', 'url': 'https://www.amazon.in/s?k=n95+mask'}",,,1,1595402462.907415
https://www.amazon.in/NOVEX-ALTEK-Face-Mask-Respirator/dp/B089S25S44/ref=sr_1_22?dchild=1&keywords=n95+mask&qid=1595401665&sr=8-22,B089S25S44,"{'name': 'N95 Mask', 'url': 'https://www.amazon.in/s?k=n95+mask'}",NOVEX ALTEK Face Mask with Respirator (Grey) - Pack of 5,₹ 240.98,1,1595402469.193173
https://www.amazon.in/CAREVIEWTM-CV1221H-Protective-Layered-Filtration/dp/B08951PPT1/ref=sr_1_32?dchild=1&keywords=n95+mask&qid=1595401665&sr=8-32#customerReviews,B08951PPT1,"{'name': 'N95 Mask', 'url': 'https://www.amazon.in/s?k=n95+mask'}","CAREVIEW™ CV1221H N95 FFP2 Protective Face Mask, 6 Layered Filtration with Head Band Strap- (Pack of 3)",₹ 360.00,1,1595402475.899507
https://www.amazon.in/Filtration-Capacity-Reusable-Particulate-Certified/dp/B08BJ245SV/ref=sr_1_21?dchild=1&keywords=n95+mask&qid=1595401665&sr=8-21,B08BJ245SV,"{'name': 'N95 Mask', 'url': 'https://www.amazon.in/s?k=n95+mask'}","Trendy N95 Face Mask | 5 ply High Filtration Capacity | Five Layer Reusable Particulate Mask and Washable | FDA,CE, GMP, ISO Approved and Certified (Pack of 10)",₹ 499.00,1,1595402486.47879
https://www.amazon.in/Xtore-Washable-Pollution-Breathing-Replaceable/dp/B07MCPKLZP/ref=sr_1_30?dchild=1&keywords=n95+mask&qid=1595401665&sr=8-30,B07MCPKLZP,"{'name': 'N95 Mask', 'url': 'https://www.amazon.in/s?k=n95+mask'}",,,1,1595402495.822037
https://www.amazon.in/Standard-Certified-5-Layered-Protection-Blue-Black-Gray/dp/B088RNK95K/ref=sr_1_4?dchild=1&keywords=n95+mask&qid=1595401665&sr=8-4#customerReviews,B088RNK95K,"{'name': 'N95 Mask', 'url': 'https://www.amazon.in/s?k=n95+mask'}",Marc Loire- Made in India Standard Size ISO CE Certified Reusable/Washable 5-Layered Outdoor Protection Face Mask with Improved Ear Loops for Men/Women (Pack of 3)(Blue-Black-Gray),₹ 299.00,1,1595402508.298819
https://www.amazon.in/Dabur-Safe-N95-face-mask/dp/B08894D926/ref=sr_1_9?dchild=1&keywords=n95+mask&qid=1595401665&sr=8-9,B08894D926,"{'name': 'N95 Mask', 'url': 'https://www.amazon.in/s?k=n95+mask'}",DABUR Safe N95 face mask,₹ 195.75,1,1595402518.26399
https://www.amazon.in/Mediweave-KN95-Face-Pieces-packets/dp/B087N2WPLT/ref=sr_1_7?dchild=1&keywords=n95+mask&qid=1595401665&sr=8-7,B087N2WPLT,"{'name': 'N95 Mask', 'url': 'https://www.amazon.in/s?k=n95+mask'}",Mediweave KN95 Face Mask 5 Pieces (2 +2 +1 sub packets),₹ 469.00,1,1595402548.604193
https://www.amazon.in/Filtration-Capacity-Reusable-Particulate-Certified/dp/B08BJ245SV/ref=sr_1_21?dchild=1&keywords=n95+mask&qid=1595401665&sr=8-21#customerReviews,B08BJ245SV,"{'name': 'N95 Mask', 'url': 'https://www.amazon.in/s?k=n95+mask'}","Trendy N95 Face Mask | 5 ply High Filtration Capacity | Five Layer Reusable Particulate Mask and Washable | FDA,CE, GMP, ISO Approved and Certified (Pack of 10)",₹ 499.00,1,1595402560.340928
https://www.amazon.in/Venus-V-4200N95-Respirator-Butterfly-Temperature/dp/B085TSNCZQ/ref=sr_1_29?dchild=1&keywords=n95+mask&qid=1595401665&sr=8-29#customerReviews,B085TSNCZQ,"{'name': 'N95 Mask', 'url': 'https://www.amazon.in/s?k=n95+mask'}",,,1,1595402573.594364
https://www.amazon.in/OxiClear-OxiMask-Pollution-Mask/dp/B01N952VHF/ref=sr_1_14?dchild=1&keywords=n95+mask&qid=1595401665&sr=8-14#customerReviews,B01N952VHF,"{'name': 'N95 Mask', 'url': 'https://www.amazon.in/s?k=n95+mask'}","OxiClear N99 Pollution Mask With 2 Activated Carbon Filters, Safe Release Air Valve, Reusable D.R.D.O Certified (BLACK) (Pack of 1)",₹ 499.00,1,1595402588.15073
https://www.amazon.in/Protective-Respirator-Pollution-Respiratory-Protection/dp/B0898N72RN/ref=sr_1_17?dchild=1&keywords=n95+mask&qid=1595401665&sr=8-17,B0898N72RN,"{'name': 'N95 Mask', 'url': 'https://www.amazon.in/s?k=n95+mask'}","Sassoon® Original masks for face n95 Reusable Protective Mask with Respirator, Can be Use as Pollution Mask & Face Mask, Best for Respiratory Protection",₹ 285.00 - ₹ 955.00,1,1595402596.142163
https://www.amazon.in/Mush-layered-Certified-Reusable-India/dp/B089DPKVLS/ref=sr_1_26?dchild=1&keywords=n95+mask&qid=1595401665&sr=8-26,B089DPKVLS,"{'name': 'N95 Mask', 'url': 'https://www.amazon.in/s?k=n95+mask'}","Mush N95 6 layered CE ISO NABL Certified Reusable Face Mask with Nose Pin (Pack of 4, Made In India)",₹ 279.00,1,1595402605.725149
https://www.amazon.in/Reusable-washable-certified-droplets-pollution/dp/B08C3Z7D69/ref=sr_1_10?dchild=1&keywords=n95+mask&qid=1595401665&sr=8-10#customerReviews,B08C3Z7D69,"{'name': 'N95 Mask', 'url': 'https://www.amazon.in/s?k=n95+mask'}","Swadesi Stuff N95 Face Mask, Reusable, washable & CE certified to protect Mouth droplets, Dust and pollution, Pack of 5 mask",₹ 499.00,1,1595402617.974015
https://www.amazon.in/GrinHealth-Anti-Pollution-Mask-P-Grey/dp/B072HL2GH2/ref=sr_1_42?dchild=1&keywords=n95+mask&qid=1595401665&sr=8-42,B072HL2GH2,"{'name': 'N95 Mask', 'url': 'https://www.amazon.in/s?k=n95+mask'}","Grin Health N95 Pollution Mask with 5 Layer Protective Filters Washable Reusable (Pack of 2, White)",₹ 798.00,1,1595402636.414955
https://www.amazon.in/Avekin-Respirator-filter-Washable-Reusable/dp/B08CNJQJ1Z/ref=sr_1_18?dchild=1&keywords=n95+mask&qid=1595401665&sr=8-18#customerReviews,B08CNJQJ1Z,"{'name': 'N95 Mask', 'url': 'https://www.amazon.in/s?k=n95+mask'}",Avekin K-N95 Masks With Respirator With Air filter Washable Mask Pack Of 5 (Reusable) (Pink),₹ 385.00,1,1595402646.936976
https://www.amazon.in/Mush-layered-Certified-Reusable-India/dp/B089DPKVLS/ref=sr_1_26?dchild=1&keywords=n95+mask&qid=1595401665&sr=8-26#customerReviews,B089DPKVLS,"{'name': 'N95 Mask', 'url': 'https://www.amazon.in/s?k=n95+mask'}","Mush N95 6 layered CE ISO NABL Certified Reusable Face Mask with Nose Pin (Pack of 4, Made In India)",₹ 279.00,1,1595402658.12517
https://www.amazon.in/Kurtzy-Washable-Anti-Pollution-Anti-Dust-Respiratory/dp/B088D8M4B1/ref=sr_1_45?dchild=1&keywords=n95+mask&qid=1595401665&sr=8-45,B088D8M4B1,"{'name': 'N95 Mask', 'url': 'https://www.amazon.in/s?k=n95+mask'}",Kurtzy Washable Reusable 3 Layers CN95 Coatex Anti-Pollution Anti-Dust Face Mask with Respiratory Valve (Pack of 2) Black - Universal Size,₹ 338.00,1,1595402672.297163
https://www.amazon.in/GrinHealth-Anti-Pollution-Mask-P-Grey/dp/B072HL2GH2/ref=sr_1_42?dchild=1&keywords=n95+mask&qid=1595401665&sr=8-42#customerReviews,B072HL2GH2,"{'name': 'N95 Mask', 'url': 'https://www.amazon.in/s?k=n95+mask'}","Grin Health N95 Pollution Mask with 5 Layer Protective Filters Washable Reusable (Pack of 2, White)",₹ 798.00,1,1595402683.22769
https://www.amazon.in/Xtore-Comfortable-Pollution-Breathing-Perticulate/dp/B07LDVP7DV/ref=sxin_7?ascsubtag=amzn1.osa.409223a9-aabb-4203-979c-ffc573d2306f.A21TJRUUN4KGV.en_IN&creativeASIN=B07LDVP7DV&cv_ct_cx=n95+mask&cv_ct_id=amzn1.osa.409223a9-aabb-4203-979c-ffc573d2306f.A21TJRUUN4KGV.en_IN&cv_ct_pg=search&cv_ct_wn=osp-single-source-gl-ranking&dchild=1&keywords=n95+mask&linkCode=oas&pd_rd_i=B07LDVP7DV&pd_rd_r=c371385b-eca8-452d-a0b7-d2a4805c406a&pd_rd_w=H9Iy9&pd_rd_wg=j5JDg&pf_rd_p=a405b90d-908a-491d-912a-37b593272670&pf_rd_r=KKP45G92VD5Y8RY02V79&qid=1595401665&sr=1-3-5b72de9d-29e4-4d53-b588-61ea05f598f4&tag=firstpost1610-21#customerReviews,B07LDVP7DV,"{'name': 'N95 Mask', 'url': 'https://www.amazon.in/s?k=n95+mask'}",,,1,1595402688.377941
https://www.amazon.in/Scott-International-Unisex-Reusable-Black/dp/B088TRHWYP/ref=sr_1_20?dchild=1&keywords=n95+mask&qid=1595401665&sr=8-20#customerReviews,B088TRHWYP,"{'name': 'N95 Mask', 'url': 'https://www.amazon.in/s?k=n95+mask'}",Scott International Unisex Reusable Face Mask,₹ 299.00,1,1595402695.331755
https://www.amazon.in/ORILEY-K-N95-Approved-Disposable-Respirator/dp/B088QVYX2M/ref=sr_1_44?dchild=1&keywords=n95+mask&qid=1595401665&sr=8-44,B088QVYX2M,"{'name': 'N95 Mask', 'url': 'https://www.amazon.in/s?k=n95+mask'}",ORILEY K-N95 FDA Approved 5 Layer Disposable Face Mask with Filter & Nose Pin Respirator for Men & Women (2 Pcs),₹ 195.00,1,1595402702.198668
https://www.amazon.in/Forte-Anti-Fog-Dust-Proof-Adjustable-Approved/dp/B088Q2FGLQ/ref=sr_1_2?dchild=1&keywords=n95+mask&qid=1595401665&sr=8-2,B088Q2FGLQ,"{'name': 'N95 Mask', 'url': 'https://www.amazon.in/s?k=n95+mask'}","La' Forte N95 5-Layer Anti-Fog, Dust-Proof Adjustable NIOSH Approved Reusable Mask (3 Pieces)",₹ 290.00,1,1595402709.096608
https://www.amazon.in/Mrideena-Anti-Pollution-Mask-Valve/dp/B089WLG9H2/ref=sxin_7?ascsubtag=amzn1.osa.409223a9-aabb-4203-979c-ffc573d2306f.A21TJRUUN4KGV.en_IN&creativeASIN=B089WLG9H2&cv_ct_cx=n95+mask&cv_ct_id=amzn1.osa.409223a9-aabb-4203-979c-ffc573d2306f.A21TJRUUN4KGV.en_IN&cv_ct_pg=search&cv_ct_wn=osp-single-source-gl-ranking&dchild=1&keywords=n95+mask&linkCode=oas&pd_rd_i=B089WLG9H2&pd_rd_r=c371385b-eca8-452d-a0b7-d2a4805c406a&pd_rd_w=H9Iy9&pd_rd_wg=j5JDg&pf_rd_p=a405b90d-908a-491d-912a-37b593272670&pf_rd_r=KKP45G92VD5Y8RY02V79&qid=1595401665&sr=1-1-5b72de9d-29e4-4d53-b588-61ea05f598f4&tag=firstpost1610-21,B089WLG9H2,"{'name': 'N95 Mask', 'url': 'https://www.amazon.in/s?k=n95+mask'}",,,1,1595402715.361961
https://www.amazon.in/ORILEY-K-N95-Approved-Disposable-Women/dp/B087PVWCT5/ref=sr_1_39?dchild=1&keywords=n95+mask&qid=1595401665&sr=8-39,B087PVWCT5,"{'name': 'N95 Mask', 'url': 'https://www.amazon.in/s?k=n95+mask'}",ORILEY K-N95 FDA Approved Disposable Face Mask with Nose Pin for Men & Women (2 Pcs),₹ 169.00,1,1595402721.356674
https://www.amazon.in/Mediweave-KN95-Face-Pieces-packets/dp/B087N2WPLT/ref=sr_1_7?dchild=1&keywords=n95+mask&qid=1595401665&sr=8-7#customerReviews,B087N2WPLT,"{'name': 'N95 Mask', 'url': 'https://www.amazon.in/s?k=n95+mask'}",Mediweave KN95 Face Mask 5 Pieces (2 +2 +1 sub packets),₹ 469.00,1,1595402729.2438
https://www.amazon.in/Generic-pink-multicolour-disposable-respirator/dp/B07113Z8R1/ref=sr_1_16?dchild=1&keywords=n95+mask&qid=1595401665&sr=8-16#customerReviews,B07113Z8R1,"{'name': 'N95 Mask', 'url': 'https://www.amazon.in/s?k=n95+mask'}",Generic pink : 5PCS N95 multicolour vertical folding nonwoven valved dust mask PM2.5 disposable respirator mask with valve,₹ 182.00,1,1595402738.831227
https://www.amazon.in/GlamFlox-Washable-Reusable-Anti-Pollution-Anti-Dust/dp/B089W33QXS/ref=sr_1_25?dchild=1&keywords=n95+mask&qid=1595401665&sr=8-25,B089W33QXS,"{'name': 'N95 Mask', 'url': 'https://www.amazon.in/s?k=n95+mask'}",GlamFlox Washable Reusable 5 Layers N95 Plus Coatex Anti-Pollution Anti-Dust Face Mask with Filter Valve (Pack of 1) Grey - Universal Size,₹ 77.00,1,1595402748.140476
https://www.amazon.in/Urbangabru-Pollution-protective-filters-system/dp/B0851H66G4/ref=sr_1_38?dchild=1&keywords=n95+mask&qid=1595401665&sr=8-38,B0851H66G4,"{'name': 'N95 Mask', 'url': 'https://www.amazon.in/s?k=n95+mask'}",Urbangabru N99 Anti Pollution Mask with 4 layer protective filters PM 2.5 system (valve color may vary),₹ 299.00,1,1595402758.441005
https://www.amazon.in/Mediweave-Reusable-Non-Woven-Multicolor-Representative/dp/B087N7WWGD/ref=sr_1_40?dchild=1&keywords=n95+mask&qid=1595401665&sr=8-40#customerReviews,B087N7WWGD,"{'name': 'N95 Mask', 'url': 'https://www.amazon.in/s?k=n95+mask'}",,,1,1595402772.28822
https://www.amazon.in/Nasher-Miles-AntiBacterial-Respirator-Face/dp/B08BJL73XM/ref=sr_1_47?dchild=1&keywords=n95+mask&qid=1595401665&sr=8-47,B08BJL73XM,"{'name': 'N95 Mask', 'url': 'https://www.amazon.in/s?k=n95+mask'}",Nasher Miles Anti Pollution Anti Heat Anti Dust AntiBacterial Respirator Mask SITRA Approved 5 Layer Reusable Outdoor Face Mask PACK OF 3,₹ 395.00,1,1595402784.385833
https://www.amazon.in/Reusable-washable-certified-droplets-pollution/dp/B08C67MQG5/ref=sr_1_6?dchild=1&keywords=n95+mask&qid=1595401665&sr=8-6,B08C67MQG5,"{'name': 'N95 Mask', 'url': 'https://www.amazon.in/s?k=n95+mask'}","Swadesi Stuff N95 Filter Multi color Filter Face Mask, Reusable, washable & CE certified to protect Mouth droplets, Dust and pollution, Pack of 5 mask",₹ 499.00,1,1595402795.185183
https://www.amazon.in/DALUCI-Reusable-Pollution-Layer-Women/dp/B0893WWSG5/ref=sr_1_11?dchild=1&keywords=n95+mask&qid=1595401665&sr=8-11#customerReviews,B0893WWSG5,"{'name': 'N95 Mask', 'url': 'https://www.amazon.in/s?k=n95+mask'}","DALUCI N95 Reusable Mask Anti Air Pollution Face Mask With 5 Layer For Men Women (White, 2 Pack)",₹ 199.00,1,1595402801.668406
https://www.amazon.in/Xtore-Comfortable-Pollution-Breathing-Perticulate/dp/B07LDVP7DV/ref=sr_1_5?dchild=1&keywords=n95+mask&qid=1595401665&sr=8-5,B07LDVP7DV,"{'name': 'N95 Mask', 'url': 'https://www.amazon.in/s?k=n95+mask'}",,,1,1595402811.790839
https://www.amazon.in/Kurtzy-Washable-Anti-Pollution-Anti-Dust-Respiratory/dp/B088D8M4B1/ref=sr_1_45?dchild=1&keywords=n95+mask&qid=1595401665&sr=8-45#customerReviews,B088D8M4B1,"{'name': 'N95 Mask', 'url': 'https://www.amazon.in/s?k=n95+mask'}",Kurtzy Washable Reusable 3 Layers CN95 Coatex Anti-Pollution Anti-Dust Face Mask with Respiratory Valve (Pack of 2) Black - Universal Size,₹ 338.00,1,1595402822.224744
https://www.amazon.in/Glammore-Reusable-Pollution-Respirator-Valve/dp/B0892RHGXD/ref=sxin_7?ascsubtag=amzn1.osa.409223a9-aabb-4203-979c-ffc573d2306f.A21TJRUUN4KGV.en_IN&creativeASIN=B0892RHGXD&cv_ct_cx=n95+mask&cv_ct_id=amzn1.osa.409223a9-aabb-4203-979c-ffc573d2306f.A21TJRUUN4KGV.en_IN&cv_ct_pg=search&cv_ct_wn=osp-single-source-gl-ranking&dchild=1&keywords=n95+mask&linkCode=oas&pd_rd_i=B0892RHGXD&pd_rd_r=c371385b-eca8-452d-a0b7-d2a4805c406a&pd_rd_w=H9Iy9&pd_rd_wg=j5JDg&pf_rd_p=a405b90d-908a-491d-912a-37b593272670&pf_rd_r=KKP45G92VD5Y8RY02V79&qid=1595401665&sr=1-4-5b72de9d-29e4-4d53-b588-61ea05f598f4&tag=firstpost1610-21#customerReviews,B0892RHGXD,"{'name': 'N95 Mask', 'url': 'https://www.amazon.in/s?k=n95+mask'}","Glammore N95 Non Woven Reusable Washable, Anti Pollution Dust Face Mask with Respirator Valve- White, Free Size, Pack of 2",₹ 359.00,1,1595402830.656983
https://www.amazon.in/Scott-International-Unisex-Reusable-Black/dp/B088TRHWYP/ref=sr_1_20?dchild=1&keywords=n95+mask&qid=1595401665&sr=8-20,B088TRHWYP,"{'name': 'N95 Mask', 'url': 'https://www.amazon.in/s?k=n95+mask'}",Scott International Unisex Reusable Face Mask,₹ 299.00,1,1595402836.939427
https://www.amazon.in/Urbangabru-Pollution-protective-filters-material/dp/B07XVBT3WF/ref=sr_1_41?dchild=1&keywords=n95+mask&qid=1595401665&sr=8-41#customerReviews,B07XVBT3WF,"{'name': 'N95 Mask', 'url': 'https://www.amazon.in/s?k=n95+mask'}",Urbangabru N95 Anti Pollution Mask with 6 layer protective filters PM 2.5 system hypa shield (Product material may vary),₹ 299.00,1,1595402846.130725
https://www.amazon.in/ORILEY-K-N95-Approved-Disposable-Women/dp/B087PVWCT5/ref=sr_1_39?dchild=1&keywords=n95+mask&qid=1595401665&sr=8-39#customerReviews,B087PVWCT5,"{'name': 'N95 Mask', 'url': 'https://www.amazon.in/s?k=n95+mask'}",ORILEY K-N95 FDA Approved Disposable Face Mask with Nose Pin for Men & Women (2 Pcs),₹ 169.00,1,1595402853.557623
https://www.amazon.in/Gear-Safeguard-certified-Bacteria-Filtration/dp/B08C7QCGJB/ref=sr_1_27?dchild=1&keywords=n95+mask&qid=1595401665&sr=8-27#customerReviews,B08C7QCGJB,"{'name': 'N95 Mask', 'url': 'https://www.amazon.in/s?k=n95+mask'}",F Gear Luxur F95 Mask Diamond Black Pack of 3 Safeguard 7 layer ISO CE SITRA lab certified >95% Bacteria Filtration,₹ 499.00,1,1595402861.157122
https://www.amazon.in/Mediweave-Reusable-Non-Woven-Multicolor-Representative/dp/B087N7WWGD/ref=sr_1_40?dchild=1&keywords=n95+mask&qid=1595401665&sr=8-40,B087N7WWGD,"{'name': 'N95 Mask', 'url': 'https://www.amazon.in/s?k=n95+mask'}",,,1,1595402868.024864
https://www.amazon.in/Cozylife-Women-Adults-Filter-Protection/dp/B089K91MK8/ref=sr_1_8?dchild=1&keywords=n95+mask&qid=1595401665&sr=8-8#customerReviews,B089K91MK8,"{'name': 'N95 Mask', 'url': 'https://www.amazon.in/s?k=n95+mask'}","Vocado 5 Layer Filter Protection Face Mask Kn95 With Nose Clip for Adults (Pack of 4, White)",₹ 139.00,1,1595402876.1112
https://www.amazon.in/Venus-Marked-Filter-Valve-Yellow/dp/B0876JJYS7/ref=sr_1_12?dchild=1&keywords=n95+mask&qid=1595401665&sr=8-12#customerReviews,B0876JJYS7,"{'name': 'N95 Mask', 'url': 'https://www.amazon.in/s?k=n95+mask'}","Venus V410 N95 Mask, ISI Marked with Filter Valve (Yellow)",₹ 289.00,1,1595402884.559088
https://www.amazon.in/ClearCut-Reusable-certified-pollution-currently/dp/B08876ZWT3/ref=sr_1_1?dchild=1&keywords=n95+mask&qid=1595401665&sr=8-1,B08876ZWT3,"{'name': 'N95 Mask', 'url': 'https://www.amazon.in/s?k=n95+mask'}","ClearCut N95 face mask, reusable washable, pack of 20",₹ 245.00,1,1595402891.199513
https://www.amazon.in/Xtore-Washable-Pollution-Breathing-Replaceable/dp/B07MCPKLZP/ref=sr_1_30?dchild=1&keywords=n95+mask&qid=1595401665&sr=8-30#customerReviews,B07MCPKLZP,"{'name': 'N95 Mask', 'url': 'https://www.amazon.in/s?k=n95+mask'}",,,1,1595402898.353009
https://www.amazon.in/Urbangabru-Pollution-protective-filters-material/dp/B07XVBT3WF/ref=sr_1_41?dchild=1&keywords=n95+mask&qid=1595401665&sr=8-41,B07XVBT3WF,"{'name': 'N95 Mask', 'url': 'https://www.amazon.in/s?k=n95+mask'}",Urbangabru N95 Anti Pollution Mask with 6 layer protective filters PM 2.5 system hypa shield (Product material may vary),₹ 299.00,1,1595402905.232077
https://www.amazon.in/Amazon-Brand-Solimo-Anti-Pollution-Mask/dp/B0872Q2CR2/ref=sr_1_48?dchild=1&keywords=n95+mask&qid=1595401665&sr=8-48#customerReviews,B0872Q2CR2,"{'name': 'N95 Mask', 'url': 'https://www.amazon.in/s?k=n95+mask'}","Amazon Brand - Solimo N95 Anti-Pollution Mask, Set of 3",₹ 349.00,1,1595402910.800732
https://www.amazon.in/Multilayered-Washable-Reusable-Anti-Pollution-protection/dp/B08941NKXK/ref=sr_1_34?dchild=1&keywords=n95+mask&qid=1595401665&sr=8-34,B08941NKXK,"{'name': 'N95 Mask', 'url': 'https://www.amazon.in/s?k=n95+mask'}",,,1,1595402916.364257
https://www.amazon.in/ORILEY-K-N95-Approved-Disposable-Respirator/dp/B088QVZGPZ/ref=sr_1_23?dchild=1&keywords=n95+mask&qid=1595401665&sr=8-23,B088QVZGPZ,"{'name': 'N95 Mask', 'url': 'https://www.amazon.in/s?k=n95+mask'}",ORILEY K-N95 FDA Approved 5 Layer Disposable Face Mask with Filter & Nose Pin Respirator for Men & Women (1 pc),₹ 100.00,1,1595402923.400762
https://www.amazon.in/Bodyguard-Anti-Pollution-Face-Mask/dp/B075XN3KML/ref=sr_1_46?dchild=1&keywords=n95+mask&qid=1595401665&sr=8-46,B075XN3KML,"{'name': 'N95 Mask', 'url': 'https://www.amazon.in/s?k=n95+mask'}","BodyGuard Reusable Anti Pollution Face Mask with Activated Carbon, N95 + PM2.5 for kids - Small (Black)",₹ 199.00,1,1595402931.45052
https://www.amazon.in/Venus-Marked-Filter-Valve-Yellow/dp/B0876JJYS7/ref=sr_1_12?dchild=1&keywords=n95+mask&qid=1595401665&sr=8-12,B0876JJYS7,"{'name': 'N95 Mask', 'url': 'https://www.amazon.in/s?k=n95+mask'}","Venus V410 N95 Mask, ISI Marked with Filter Valve (Yellow)",₹ 289.00,1,1595402937.558003
https://www.amazon.in/Generic-pink-multicolour-disposable-respirator/dp/B07113Z8R1/ref=sr_1_16?dchild=1&keywords=n95+mask&qid=1595401665&sr=8-16,B07113Z8R1,"{'name': 'N95 Mask', 'url': 'https://www.amazon.in/s?k=n95+mask'}",Generic pink : 5PCS N95 multicolour vertical folding nonwoven valved dust mask PM2.5 disposable respirator mask with valve,₹ 182.00,1,1595402944.719428
https://www.amazon.in/Respirator-Anti-Dust-Breathable-Protective-protection/dp/B08CCF8PDZ/ref=sr_1_13?dchild=1&keywords=n95+mask&qid=1595401665&sr=8-13,B08CCF8PDZ,"{'name': 'N95 Mask', 'url': 'https://www.amazon.in/s?k=n95+mask'}",A & Y STORE KN-95 Face Mask Respirator Anti-Dust Breathable Protective Mask with N95 Filter for Adults men Women 5 layer protection Face Mask,₹ 49.00 - ₹ 199.00,1,1595402951.111295
https://www.amazon.in/SanNap-Luxuria-Designer-Pollution-Breathing/dp/B08BB8HTLD/ref=sxin_7?ascsubtag=amzn1.osa.409223a9-aabb-4203-979c-ffc573d2306f.A21TJRUUN4KGV.en_IN&creativeASIN=B08BB8HTLD&cv_ct_cx=n95+mask&cv_ct_id=amzn1.osa.409223a9-aabb-4203-979c-ffc573d2306f.A21TJRUUN4KGV.en_IN&cv_ct_pg=search&cv_ct_wn=osp-single-source-gl-ranking&dchild=1&keywords=n95+mask&linkCode=oas&pd_rd_i=B08BB8HTLD&pd_rd_r=c371385b-eca8-452d-a0b7-d2a4805c406a&pd_rd_w=H9Iy9&pd_rd_wg=j5JDg&pf_rd_p=a405b90d-908a-491d-912a-37b593272670&pf_rd_r=KKP45G92VD5Y8RY02V79&qid=1595401665&sr=1-2-5b72de9d-29e4-4d53-b588-61ea05f598f4&tag=firstpost1610-21,B08BB8HTLD,"{'name': 'N95 Mask', 'url': 'https://www.amazon.in/s?k=n95+mask'}",,,1,1595402957.883575
https://www.amazon.in/OxiClear-OxiMask-Pollution-Mask/dp/B01N952VHF/ref=sr_1_14?dchild=1&keywords=n95+mask&qid=1595401665&sr=8-14,B01N952VHF,"{'name': 'N95 Mask', 'url': 'https://www.amazon.in/s?k=n95+mask'}","OxiClear N99 Pollution Mask With 2 Activated Carbon Filters, Safe Release Air Valve, Reusable D.R.D.O Certified (BLACK) (Pack of 1)",₹ 499.00,1,1595402964.968423
https://www.amazon.in/Thermocare-Pollution-mask-women-pack/dp/B085KYH595/ref=sr_1_36?dchild=1&keywords=n95+mask&qid=1595401665&sr=8-36#customerReviews,B085KYH595,"{'name': 'N95 Mask', 'url': 'https://www.amazon.in/s?k=n95+mask'}",Thermocare Pollution mask for men and women pack of 2,₹ 193.00,1,1595402971.047205
https://www.amazon.in/GlamFlox-Washable-Reusable-Anti-Pollution-Anti-Dust/dp/B089W33QXS/ref=sr_1_25?dchild=1&keywords=n95+mask&qid=1595401665&sr=8-25#customerReviews,B089W33QXS,"{'name': 'N95 Mask', 'url': 'https://www.amazon.in/s?k=n95+mask'}",GlamFlox Washable Reusable 5 Layers N95 Plus Coatex Anti-Pollution Anti-Dust Face Mask with Filter Valve (Pack of 1) Grey - Universal Size,₹ 77.00,1,1595402977.39325
https://www.amazon.in/Sabaira-Mask-Protect-N95-Washable/dp/B08B1KDSFG/ref=sr_1_28?dchild=1&keywords=n95+mask&qid=1595401665&sr=8-28,B08B1KDSFG,"{'name': 'N95 Mask', 'url': 'https://www.amazon.in/s?k=n95+mask'}","Sabaira Mask Protect + N95 Washable - Reusable, Anti Dust/Pollution and Anti Bacterial Shield with 4 Layered Ply Protected Mask for Men and Women (Pack Of 5) - Any Random Color",₹ 499.00,1,1595402982.83333
https://www.amazon.in/TBF-Trends-Multicolour-protective-particulate-filtration/dp/B0874MXS2W/ref=sr_1_31?dchild=1&keywords=n95+mask&qid=1595401665&sr=8-31,B0874MXS2W,"{'name': 'N95 Mask', 'url': 'https://www.amazon.in/s?k=n95+mask'}","Nechams® by TBF-Trends K-N95 Mask, Multicolour efficient protective K-N95 mask for adults High particulate filtration, for regular use, outdoor, travel, industrial activitie",₹ 75.00,1,1595402989.863945
https://www.amazon.in/Reusable-washable-certified-droplets-pollution/dp/B08C67MQG5/ref=sr_1_6?dchild=1&keywords=n95+mask&qid=1595401665&sr=8-6#customerReviews,B08C67MQG5,"{'name': 'N95 Mask', 'url': 'https://www.amazon.in/s?k=n95+mask'}","Swadesi Stuff N95 Filter Multi color Filter Face Mask, Reusable, washable & CE certified to protect Mouth droplets, Dust and pollution, Pack of 5 mask",₹ 499.00,1,1595402995.504292
https://www.amazon.in/Bodyguard-Anti-Pollution-Face-Mask/dp/B075XN3KML/ref=sr_1_46?dchild=1&keywords=n95+mask&qid=1595401665&sr=8-46#customerReviews,B075XN3KML,"{'name': 'N95 Mask', 'url': 'https://www.amazon.in/s?k=n95+mask'}","BodyGuard Reusable Anti Pollution Face Mask with Activated Carbon, N95 + PM2.5 for kids - Small (Black)",₹ 199.00,1,1595403001.291431
https://www.amazon.in/Urbangabru-Pollution-protective-filters-system/dp/B0851H66G4/ref=sr_1_38?dchild=1&keywords=n95+mask&qid=1595401665&sr=8-38#customerReviews,B0851H66G4,"{'name': 'N95 Mask', 'url': 'https://www.amazon.in/s?k=n95+mask'}",Urbangabru N99 Anti Pollution Mask with 4 layer protective filters PM 2.5 system (valve color may vary),₹ 299.00,1,1595403009.404686
https://www.amazon.in/Reusable-washable-certified-droplets-pollution/dp/B08C3Z7D69/ref=sr_1_10?dchild=1&keywords=n95+mask&qid=1595401665&sr=8-10,B08C3Z7D69,"{'name': 'N95 Mask', 'url': 'https://www.amazon.in/s?k=n95+mask'}","Swadesi Stuff N95 Face Mask, Reusable, washable & CE certified to protect Mouth droplets, Dust and pollution, Pack of 5 mask",₹ 499.00,1,1595403015.192601
https://www.amazon.in/Venus-V-4200N95-Respirator-Butterfly-Temperature/dp/B085TSNCZQ/ref=sr_1_29?dchild=1&keywords=n95+mask&qid=1595401665&sr=8-29,B085TSNCZQ,"{'name': 'N95 Mask', 'url': 'https://www.amazon.in/s?k=n95+mask'}",,,1,1595403021.818998
https://www.amazon.in/Gear-Safeguard-certified-Bacteria-Filtration/dp/B08C7QCGJB/ref=sr_1_27?dchild=1&keywords=n95+mask&qid=1595401665&sr=8-27,B08C7QCGJB,"{'name': 'N95 Mask', 'url': 'https://www.amazon.in/s?k=n95+mask'}",F Gear Luxur F95 Mask Diamond Black Pack of 3 Safeguard 7 layer ISO CE SITRA lab certified >95% Bacteria Filtration,₹ 499.00,1,1595403027.450308
https://www.amazon.in/ORILEY-Certified-Layer-Disposable-Respirator/dp/B088QWV35K/ref=sr_1_43?dchild=1&keywords=n95+mask&qid=1595401665&sr=8-43,B088QWV35K,"{'name': 'N95 Mask', 'url': 'https://www.amazon.in/s?k=n95+mask'}",ORILEY CE & ISO Certified 5 Layer Disposable Face Mask with Nose Pin & Respirator for Men & Women (1 PC),₹ 85.00,1,1595403034.447192
https://www.amazon.in/Classmate-Long-Book-Unruled-Pages/dp/B0883RF1KN/ref=sr_1_46?dchild=1&keywords=notebook&qid=1595401671&sr=8-46,B0883RF1KN,"{'name': 'Notebook', 'url': 'https://www.amazon.in/s?k=notebook'}","Classmate Long Book - Unruled, 160 Pages, 330 mm x 210 mm - Pack Of 2",₹ 124.00,1,1595403046.203804
https://www.amazon.in/Factor-Notes-Journal-Diary-Notebook/dp/B07SCXQY7W/ref=sr_1_7?dchild=1&keywords=notebook&qid=1595401671&sr=8-7,B07SCXQY7W,"{'name': 'Notebook', 'url': 'https://www.amazon.in/s?k=notebook'}",Factor Notes Ruled 90 GSM Natural Shade Paper Notebook/ 112 Pages / B6-120mm X 180mm Journal Diary/ B6R- Sunshine Mixed with a Hurricane,₹ 119.00,1,1595403056.175151
https://www.amazon.in/Luxor-Subject-Premium-Exercise-Notebook/dp/B07Q3QV7X5/ref=sr_1_25?dchild=1&keywords=notebook&qid=1595401671&sr=8-25#customerReviews,B07Q3QV7X5,"{'name': 'Notebook', 'url': 'https://www.amazon.in/s?k=notebook'}","Luxor 6 Subject Spiral Premium Exercise Notebook, Single Ruled - (21cm x 29.7cm), 300 Pages",₹ 145.00,1,1595403066.886566
https://www.amazon.in/Luxor-Subject-Premium-Exercise-Notebook/dp/B07Q6XTPPZ/ref=sr_1_43?dchild=1&keywords=notebook&qid=1595401671&sr=8-43,B07Q6XTPPZ,"{'name': 'Notebook', 'url': 'https://www.amazon.in/s?k=notebook'}","Luxor 1 Subject Spiral Premium Exercise Notebook, Single Ruled - (21cm x 29.7cm), 160 Pages",₹ 99.00,1,1595403078.381765
https://www.amazon.in/Classmate-Long-Book-Unruled-Pages/dp/B0883RF1KN/ref=sr_1_46?dchild=1&keywords=notebook&qid=1595401671&sr=8-46#customerReviews,B0883RF1KN,"{'name': 'Notebook', 'url': 'https://www.amazon.in/s?k=notebook'}","Classmate Long Book - Unruled, 160 Pages, 330 mm x 210 mm - Pack Of 2",₹ 124.00,1,1595403085.141151
https://www.amazon.in/Factor-Notes-2-1-Notebook/dp/B081B14SKZ/ref=sr_1_20?dchild=1&keywords=notebook&qid=1595401671&sr=8-20,B081B14SKZ,"{'name': 'Notebook', 'url': 'https://www.amazon.in/s?k=notebook'}",Factor Notes 2-in-1 pack Dotted Bullet Grid 90 GSM Natural Shade Paper Notebook/ 320 Pages/ A5-140mm x 210 mm/ A5D- Kraft 2-in-1,₹ 265.00,1,1595403095.537127
https://www.amazon.in/Doodle-Ethnic-Motif-Diary-Notebook/dp/B00PGZQMNI/ref=sr_1_51?dchild=1&keywords=notebook&qid=1595401671&sr=8-51#customerReviews,B00PGZQMNI,"{'name': 'Notebook', 'url': 'https://www.amazon.in/s?k=notebook'}","Doodle Ethnic Motif Hard Bound Undated A5 Diary Notebook (5.5 X 8.5 Inches, 80 GSM, 200 Ruled Perforated Pages) Diary for Writing, Gift for Friend, Perosnal Diary",₹ 257.00,1,1595403108.646911
https://www.amazon.in/Luxor-Subject-Premium-Exercise-Notebook/dp/B07QHNDF4C/ref=sr_1_24?dchild=1&keywords=notebook&qid=1595401671&sr=8-24#customerReviews,B07QHNDF4C,"{'name': 'Notebook', 'url': 'https://www.amazon.in/s?k=notebook'}","Luxor 1 Subject Spine Taped Premium Exercise Notebook, Single Ruled - (21cm x 29.7cm), 180 Pages",₹ 95.00,1,1595403122.239886
https://www.amazon.in/Classmate-Pulse-Spiral-Notebook-Unruled/dp/B00P93X0VO/ref=sr_1_5?dchild=1&keywords=notebook&qid=1595401671&sr=8-5,B00P93X0VO,"{'name': 'Notebook', 'url': 'https://www.amazon.in/s?k=notebook'}","Classmate Pulse 6 Subject Notebook - Unruled, 300 Pages, Spiral Binding, 240mm*180mm",₹ 120.00,1,1595403137.237922
https://www.amazon.in/Factor-Notes-Dotted-Journal-Notebook/dp/B07L681Z83/ref=sr_1_9?dchild=1&keywords=notebook&qid=1595401671&sr=8-9#customerReviews,B07L681Z83,"{'name': 'Notebook', 'url': 'https://www.amazon.in/s?k=notebook'}",Factor Notes 3-in-1 pack Dotted Bullet Grid 90 GSM Natural Shade Paper Notebook/ 240 Pages/ B6-120mm X 180mm Journal Diary/ B6D- Kraft 3-in-1,₹ 199.00,1,1595403149.387808
https://www.amazon.in/Luxor-Subject-Premium-Exercise-Notebook/dp/B07QD9353Z/ref=sr_1_30?dchild=1&keywords=notebook&qid=1595401671&sr=8-30#customerReviews,B07QD9353Z,"{'name': 'Notebook', 'url': 'https://www.amazon.in/s?k=notebook'}","Luxor 1 Subject Spine Taped Premium Exercise Notebook, Single Ruled - (18.5cm x 27.2cm), 180 Pages",₹ 88.00,1,1595403158.694187
https://www.amazon.in/Doodle-Unicorn-Notebook-80GSM-Multicolour/dp/B07MQB4ZFT/ref=sr_1_48?dchild=1&keywords=notebook&qid=1595401671&sr=8-48#customerReviews,B07MQB4ZFT,"{'name': 'Notebook', 'url': 'https://www.amazon.in/s?k=notebook'}","Doodle Unicorn A5 Size Notebook, 80GSM (Multicolour)",₹ 312.00,1,1595403167.296868
https://www.amazon.in/Classmate-Pulse-Spiral-Notebook-Unruled/dp/B00P93X6EK/ref=sr_1_32?dchild=1&keywords=notebook&qid=1595401671&sr=8-32,B00P93X6EK,"{'name': 'Notebook', 'url': 'https://www.amazon.in/s?k=notebook'}","Classmate Soft Cover 6 Subject Spiral Binding Notebook, Unruled, 300 Pages",₹ 160.00,1,1595403176.38546
https://www.amazon.in/Luxor-Subject-Single-Ruled-Notebook/dp/B00LHZW3XY/ref=sr_1_10?dchild=1&keywords=notebook&qid=1595401671&sr=8-10,B00LHZW3XY,"{'name': 'Notebook', 'url': 'https://www.amazon.in/s?k=notebook'}","Luxor 5 Subject Single Ruled Notebook - A5 Size, 70 GSM, 300 Pages",₹ 153.00,1,1595403184.975897
https://www.amazon.in/Classmate-Pulse-Single-5-Subject-Notebook/dp/B075FR13TK/ref=sr_1_29?dchild=1&keywords=notebook&qid=1595401671&sr=8-29,B075FR13TK,"{'name': 'Notebook', 'url': 'https://www.amazon.in/s?k=notebook'}","Classmate 2100128 Soft Cover 5 Subject Spiral Binding Notebook, Single Line, 250 Pages (Assorted cover design)",₹ 110.00,1,1595403192.658798
https://www.amazon.in/Luxor-Subject-Premium-Exercise-Notebook/dp/B07Q4P3TC8/ref=sr_1_31?dchild=1&keywords=notebook&qid=1595401671&sr=8-31#customerReviews,B07Q4P3TC8,"{'name': 'Notebook', 'url': 'https://www.amazon.in/s?k=notebook'}","Luxor 5 Subject Spiral Premium Exercise Notebook, Single Ruled - (20.3cm x 26.7cm), 250 Pages",₹ 117.00,1,1595403205.800596
https://www.amazon.in/Classmate-Notebook-Single-Line-Pages/dp/B086PXQJTR/ref=sr_1_50?dchild=1&keywords=notebook&qid=1595401671&sr=8-50#customerReviews,B086PXQJTR,"{'name': 'Notebook', 'url': 'https://www.amazon.in/s?k=notebook'}","Classmate Notebook - Single Line, 120 Pages, 240 mm x 180 mm - Pack Of 4",₹ 128.00,1,1595403216.205613
https://www.amazon.in/Paperkraft-Green-Impression-2250055-Notebook/dp/B00P93WWL8/ref=sr_1_6?dchild=1&keywords=notebook&qid=1595401671&sr=8-6#customerReviews,B00P93WWL8,"{'name': 'Notebook', 'url': 'https://www.amazon.in/s?k=notebook'}","Paperkraft Green impression 5 Subject WIRO binding Notebook - Single line, 300 pages, 176mm x 250mm",₹ 185.00,1,1595403226.586958
https://www.amazon.in/Classmate-Pulse-Spiral-Notebook-Unruled/dp/B00P93X6EK/ref=sr_1_32?dchild=1&keywords=notebook&qid=1595401671&sr=8-32#customerReviews,B00P93X6EK,"{'name': 'Notebook', 'url': 'https://www.amazon.in/s?k=notebook'}","Classmate Soft Cover 6 Subject Spiral Binding Notebook, Unruled, 300 Pages",₹ 160.00,1,1595403234.140228
https://www.amazon.in/Factor-Notes-Dotted-Journal-Notebook/dp/B07L681Z83/ref=sr_1_9?dchild=1&keywords=notebook&qid=1595401671&sr=8-9,B07L681Z83,"{'name': 'Notebook', 'url': 'https://www.amazon.in/s?k=notebook'}",Factor Notes 3-in-1 pack Dotted Bullet Grid 90 GSM Natural Shade Paper Notebook/ 240 Pages/ B6-120mm X 180mm Journal Diary/ B6D- Kraft 3-in-1,₹ 199.00,1,1595403241.206565
https://www.amazon.in/Drapvision-Majestic-Notebook-Enriched-Fountain/dp/B088T5DWL6/ref=sr_1_47?dchild=1&keywords=notebook&qid=1595401671&sr=8-47#customerReviews,B088T5DWL6,"{'name': 'Notebook', 'url': 'https://www.amazon.in/s?k=notebook'}","Drapvision Majestic Series Notebook, A5, 105 GSM Enriched Bond Paper, Fountain Pen Friendly, Design: Always Comeback",₹ 99.00,1,1595403255.043701
https://www.amazon.in/Doodle-Writing-Cuteness-Overload-Notebook/dp/B07F9XFVCX/ref=sr_1_54?dchild=1&keywords=notebook&qid=1595401671&sr=8-54#customerReviews,B07F9XFVCX,"{'name': 'Notebook', 'url': 'https://www.amazon.in/s?k=notebook'}","Doodle Cuteness Overload Wiro Hard Bound Notebook Diary, (6.5 X 8.5 Inches, 80 GSM, 160 Single Ruled Pages) Diary for Girls, Birthday Gift, Gift for Girlfriend",₹ 242.00,1,1595403264.564348
https://www.amazon.in/Classmate-Notebook-Single-Line-Pages/dp/B0883RPBN4/ref=sr_1_27?dchild=1&keywords=notebook&qid=1595401671&sr=8-27,B0883RPBN4,"{'name': 'Notebook', 'url': 'https://www.amazon.in/s?k=notebook'}","Classmate Notebook - Single Line, 172 Pages, 190 mm x 155 mm - Pack Of 5",₹ 140.00,1,1595403273.132114
https://www.amazon.in/Luxor-Subject-Premium-Exercise-Notebook/dp/B07Q958DL3/ref=sr_1_36?dchild=1&keywords=notebook&qid=1595401671&sr=8-36,B07Q958DL3,"{'name': 'Notebook', 'url': 'https://www.amazon.in/s?k=notebook'}","Luxor 1 Subject Spiral Premium Exercise Notebook, Single Ruled - (20.3cm x 26.7cm), 160 Pages",₹ 85.00,1,1595403280.469265
https://www.amazon.in/TARGET-PUBLICATIONS-Notebooks-Writing-Numbers/dp/B081CYTHDK/ref=sr_1_19?dchild=1&keywords=notebook&qid=1595401671&sr=8-19#customerReviews,B081CYTHDK,"{'name': 'Notebook', 'url': 'https://www.amazon.in/s?k=notebook'}","TARGET PUBLICATIONS Long Notebooks Single Line | 164 Ruled Pages | 20 cm x 28 cm Approx | Writing Book with Page Numbers | for School, College and Office Use | Soft Cover | Pack of 6 Books | GSM 58",₹ 390.00,1,1595403290.144148
https://www.amazon.in/Classmate-Premium-Subject-Notebook-Single/dp/B00LZLQ624/ref=sr_1_16?dchild=1&keywords=notebook&qid=1595401671&sr=8-16#customerReviews,B00LZLQ624,"{'name': 'Notebook', 'url': 'https://www.amazon.in/s?k=notebook'}","Classmate Soft Cover 6 Subject Spiral Binding Notebook, Single Line, 300 Pages",₹ 158.00,1,1595403298.956572
https://www.amazon.in/Factor-Notes-Journal-Diary-Notebook/dp/B07S8N89YD/ref=sr_1_42?dchild=1&keywords=notebook&qid=1595401671&sr=8-42,B07S8N89YD,"{'name': 'Notebook', 'url': 'https://www.amazon.in/s?k=notebook'}",Factor Notes Ruled 90 GSM Natural Shade Paper Notebook/ 96 Pages / B6-120mm X 180mm Journal Diary/ B6R- Idea,₹ 120.00,1,1595403307.66724
https://www.amazon.in/Classmate-ITC-Wir-200Pg-Ruld/dp/B07KCSKCB3/ref=sr_1_8?dchild=1&keywords=notebook&qid=1595401671&sr=8-8#customerReviews,B07KCSKCB3,"{'name': 'Notebook', 'url': 'https://www.amazon.in/s?k=notebook'}","Classmate Notebook - Single line, Spiral Binding, 240mm x 180mm, 200 Pages",₹ 60.00,1,1595403318.163995
https://www.amazon.in/Drapvision-Majestic-Notebook-Enriched-Design/dp/B084TVJMCM/ref=sr_1_40?dchild=1&keywords=notebook&qid=1595401671&sr=8-40,B084TVJMCM,"{'name': 'Notebook', 'url': 'https://www.amazon.in/s?k=notebook'}","Drapvision Majestic Series Notebook, A5, Enriched Bond Pages, Plain, Design: Pure Black",₹ 99.00,1,1595403325.610232
https://www.amazon.in/Luxor-Subject-Single-Ruled-Notebook/dp/B00LHZWD0C/ref=sr_1_55?dchild=1&keywords=notebook&qid=1595401671&sr=8-55#customerReviews,B00LHZWD0C,"{'name': 'Notebook', 'url': 'https://www.amazon.in/s?k=notebook'}","Luxor 5 Subject Single Ruled Notebook - A4, 70 GSM, 300 pages",₹ 289.00,1,1595403335.866385
https://www.amazon.in/Lauret-Notebook-Journal-Natural-Shade/dp/B07YCV3W9Z/ref=sr_1_41?dchild=1&keywords=notebook&qid=1595401671&sr=8-41#customerReviews,B07YCV3W9Z,"{'name': 'Notebook', 'url': 'https://www.amazon.in/s?k=notebook'}","Lauret Blanc Ruled Notebook Diary Journal- A5 Size, 144 Ruled Pages, 80 GSM Natural Shade. (Style 12)",₹ 219.00,1,1595403345.026205
https://www.amazon.in/Paperkraft-Signature-Notebook-Single-Pattern/dp/B00P93WUJ2/ref=sr_1_12?dchild=1&keywords=notebook&qid=1595401671&sr=8-12,B00P93WUJ2,"{'name': 'Notebook', 'url': 'https://www.amazon.in/s?k=notebook'}","Paperkraft Signature Notebook - 148 mm x 216 mm, Hard Cover, 224 Pages, Single Line (Cover Pattern May Very)",₹ 119.00,1,1595403351.738616
https://www.amazon.in/Classmate-Notebook-Single-Line-Pages/dp/B086PXQJTR/ref=sr_1_50?dchild=1&keywords=notebook&qid=1595401671&sr=8-50,B086PXQJTR,"{'name': 'Notebook', 'url': 'https://www.amazon.in/s?k=notebook'}","Classmate Notebook - Single Line, 120 Pages, 240 mm x 180 mm - Pack Of 4",₹ 128.00,1,1595403357.741007
https://www.amazon.in/Doodle-Writing-Cuteness-Overload-Notebook/dp/B07F9XFVCX/ref=sr_1_54?dchild=1&keywords=notebook&qid=1595401671&sr=8-54,B07F9XFVCX,"{'name': 'Notebook', 'url': 'https://www.amazon.in/s?k=notebook'}","Doodle Cuteness Overload Wiro Hard Bound Notebook Diary, (6.5 X 8.5 Inches, 80 GSM, 160 Single Ruled Pages) Diary for Girls, Birthday Gift, Gift for Girlfriend",₹ 242.00,1,1595403364.724661
https://www.amazon.in/Luxor-Subject-Premium-Exercise-Notebook/dp/B07Q958DL3/ref=sr_1_36?dchild=1&keywords=notebook&qid=1595401671&sr=8-36#customerReviews,B07Q958DL3,"{'name': 'Notebook', 'url': 'https://www.amazon.in/s?k=notebook'}","Luxor 1 Subject Spiral Premium Exercise Notebook, Single Ruled - (20.3cm x 26.7cm), 160 Pages",₹ 85.00,1,1595403371.863601
https://www.amazon.in/Lauret-Blanc-Constellation-notebook-Bookmark/dp/B07G8FDTDQ/ref=sr_1_53?dchild=1&keywords=notebook&qid=1595401671&sr=8-53,B07G8FDTDQ,"{'name': 'Notebook', 'url': 'https://www.amazon.in/s?k=notebook'}","Lauret Blanc Constellation A5 Unruled notebook with Bookmark- 144 Plain pages, 80 GSM Natural Shade Paper, Soft cover.",₹ 229.00,1,1595403380.272222
https://www.amazon.in/Luxor-Subject-Premium-Exercise-Notebook/dp/B07QD9353Z/ref=sr_1_30?dchild=1&keywords=notebook&qid=1595401671&sr=8-30,B07QD9353Z,"{'name': 'Notebook', 'url': 'https://www.amazon.in/s?k=notebook'}","Luxor 1 Subject Spine Taped Premium Exercise Notebook, Single Ruled - (18.5cm x 27.2cm), 180 Pages",₹ 88.00,1,1595403400.435344
https://www.amazon.in/Paperkraft-Impression-Subject-Executive-Notebook/dp/B00LZLQDGI/ref=sr_1_26?dchild=1&keywords=notebook&qid=1595401671&sr=8-26,B00LZLQDGI,"{'name': 'Notebook', 'url': 'https://www.amazon.in/s?k=notebook'}","Paperkraft Green impression 1 Subject WIRO binding Notebook - Single line, 160 pages, 176mm x 250mm",₹ 135.00,1,1595403407.388877
https://www.amazon.in/Factor-Notes-Journal-Diary-Notebook/dp/B07SHKZ9XC/ref=sr_1_28?dchild=1&keywords=notebook&qid=1595401671&sr=8-28#customerReviews,B07SHKZ9XC,"{'name': 'Notebook', 'url': 'https://www.amazon.in/s?k=notebook'}",Factor Notes 2-in-1 pack Dotted Bullet Grid 90 GSM Natural Shade Paper Notebook/ 224 Pages/ B6-120mm X 180mm Journal Diary/ B6D- Cactus,₹ 199.00,1,1595403418.411104
https://www.amazon.in/Classmate-Premium-Subject-Spiral-Notebook/dp/B00LZLQ0TS/ref=sr_1_34?dchild=1&keywords=notebook&qid=1595401671&sr=8-34,B00LZLQ0TS,"{'name': 'Notebook', 'url': 'https://www.amazon.in/s?k=notebook'}","Classmate Premium 6 Subject Spiral Notebook - 203mm x 267mm, Soft Cover, 300 Pages, Unruled",₹ 145.00,1,1595403428.125301
https://www.amazon.in/Navneet-HQ-Ganesha-Bound-Notebook/dp/B082NJ1BVK/ref=sr_1_52?dchild=1&keywords=notebook&qid=1595401671&sr=8-52,B082NJ1BVK,"{'name': 'Notebook', 'url': 'https://www.amazon.in/s?k=notebook'}",Navneet HQ | Ganesha Series | Case Bound Notebook | WIRO | 14.8 cm X 21 cm | 192 Pages,₹ 150.00,1,1595403435.889291
https://www.amazon.in/Classmate-Pulse-Spiral-Notebook-Unruled/dp/B00P93X0VO/ref=sr_1_5?dchild=1&keywords=notebook&qid=1595401671&sr=8-5#customerReviews,B00P93X0VO,"{'name': 'Notebook', 'url': 'https://www.amazon.in/s?k=notebook'}","Classmate Pulse 6 Subject Notebook - Unruled, 300 Pages, Spiral Binding, 240mm*180mm",₹ 120.00,1,1595403444.746662
https://www.amazon.in/Magickrafts-Unruled-Notebooks-Plain-Pages/dp/B081H8YMJX/ref=sr_1_37?dchild=1&keywords=notebook&qid=1595401671&sr=8-37#customerReviews,B081H8YMJX,"{'name': 'Notebook', 'url': 'https://www.amazon.in/s?k=notebook'}",,,1,1595403458.729564
https://www.amazon.in/AmazonBasics-Classic-Notebook-Plain-130mm/dp/B01DN8TB5U/ref=sr_1_14?dchild=1&keywords=notebook&qid=1595401671&sr=8-14#customerReviews,B01DN8TB5U,"{'name': 'Notebook', 'url': 'https://www.amazon.in/s?k=notebook'}","AmazonBasics Classic Notebook, Plain - (130mm x 210mm) - 240 pages (Black)",₹ 349.00,1,1595403479.083941
https://www.amazon.in/Lauret-Blanc-Constellation-notebook-Bookmark/dp/B07G8FDTDQ/ref=sr_1_53?dchild=1&keywords=notebook&qid=1595401671&sr=8-53#customerReviews,B07G8FDTDQ,"{'name': 'Notebook', 'url': 'https://www.amazon.in/s?k=notebook'}","Lauret Blanc Constellation A5 Unruled notebook with Bookmark- 144 Plain pages, 80 GSM Natural Shade Paper, Soft cover.",₹ 229.00,1,1595403490.41669
https://www.amazon.in/Factor-Notes-Journal-Diary-Notebook/dp/B07SHKZ9XC/ref=sr_1_28?dchild=1&keywords=notebook&qid=1595401671&sr=8-28,B07SHKZ9XC,"{'name': 'Notebook', 'url': 'https://www.amazon.in/s?k=notebook'}",Factor Notes 2-in-1 pack Dotted Bullet Grid 90 GSM Natural Shade Paper Notebook/ 224 Pages/ B6-120mm X 180mm Journal Diary/ B6D- Cactus,₹ 199.00,1,1595403511.666047
https://www.amazon.in/Luxor-Subject-Premium-Exercise-Notebook/dp/B07Q95B1PT/ref=sr_1_38?dchild=1&keywords=notebook&qid=1595401671&sr=8-38,B07Q95B1PT,"{'name': 'Notebook', 'url': 'https://www.amazon.in/s?k=notebook'}","Luxor 1 Subject Spiral Premium Exercise Notebook, Single Ruled - (18cm x 24cm), 180 Pages",₹ 75.00,1,1595403523.038649
https://www.amazon.in/Drapvision-Majestic-Notebook-Enriched-Fountain/dp/B088T5DWL6/ref=sr_1_47?dchild=1&keywords=notebook&qid=1595401671&sr=8-47,B088T5DWL6,"{'name': 'Notebook', 'url': 'https://www.amazon.in/s?k=notebook'}","Drapvision Majestic Series Notebook, A5, 105 GSM Enriched Bond Paper, Fountain Pen Friendly, Design: Always Comeback",₹ 99.00,1,1595403529.955712
https://www.amazon.in/Luxor-Subject-Premium-Exercise-Notebook/dp/B07Q6XTV4K/ref=sr_1_35?dchild=1&keywords=notebook&qid=1595401671&sr=8-35#customerReviews,B07Q6XTV4K,"{'name': 'Notebook', 'url': 'https://www.amazon.in/s?k=notebook'}","Luxor 5 Subject Spiral Premium Exercise Notebook, Single Ruled - (21cm x 29.7cm), 250 Pages",₹ 145.00,1,1595403543.953711
https://www.amazon.in/Paperkraft-Impression-Subject-Executive-Notebook/dp/B00LZLQDGI/ref=sr_1_26?dchild=1&keywords=notebook&qid=1595401671&sr=8-26#customerReviews,B00LZLQDGI,"{'name': 'Notebook', 'url': 'https://www.amazon.in/s?k=notebook'}","Paperkraft Green impression 1 Subject WIRO binding Notebook - Single line, 160 pages, 176mm x 250mm",₹ 135.00,1,1595403551.811444
https://www.amazon.in/Paperkraft-Green-Impression-2250055-Notebook/dp/B00P93WWL8/ref=sr_1_6?dchild=1&keywords=notebook&qid=1595401671&sr=8-6,B00P93WWL8,"{'name': 'Notebook', 'url': 'https://www.amazon.in/s?k=notebook'}","Paperkraft Green impression 5 Subject WIRO binding Notebook - Single line, 300 pages, 176mm x 250mm",₹ 185.00,1,1595403561.097504
https://www.amazon.in/Luxor-Subject-Premium-Exercise-Notebook/dp/B07ZNRS3L5/ref=sr_1_39?dchild=1&keywords=notebook&qid=1595401671&sr=8-39#customerReviews,B07ZNRS3L5,"{'name': 'Notebook', 'url': 'https://www.amazon.in/s?k=notebook'}","Luxor 1 Subject Spine Taped Premium Exercise Notebook, Single Ruled - (21cm X 29.7cm), 180 Pages, Pack of 3",₹ 271.00,1,1595403570.412171
https://www.amazon.in/Doodle-Ethnic-Motif-Diary-Notebook/dp/B00PGZQMNI/ref=sr_1_51?dchild=1&keywords=notebook&qid=1595401671&sr=8-51,B00PGZQMNI,"{'name': 'Notebook', 'url': 'https://www.amazon.in/s?k=notebook'}","Doodle Ethnic Motif Hard Bound Undated A5 Diary Notebook (5.5 X 8.5 Inches, 80 GSM, 200 Ruled Perforated Pages) Diary for Writing, Gift for Friend, Perosnal Diary",₹ 257.00,1,1595403581.529802
https://www.amazon.in/Classmate-Selfie-Single-6-Subject-Notebook/dp/B075FT2F2K/ref=sr_1_15?dchild=1&keywords=notebook&qid=1595401671&sr=8-15,B075FT2F2K,"{'name': 'Notebook', 'url': 'https://www.amazon.in/s?k=notebook'}","Classmate Pulse 6 Subject Notebook - Single Line, 300 Pages, Spiral Binding, 240mm*180mm",₹ 125.00,1,1595403603.289494
https://www.amazon.in/Luxor-Subject-Single-Ruled-Notebook/dp/B00LHZW3XY/ref=sr_1_10?dchild=1&keywords=notebook&qid=1595401671&sr=8-10#customerReviews,B00LHZW3XY,"{'name': 'Notebook', 'url': 'https://www.amazon.in/s?k=notebook'}","Luxor 5 Subject Single Ruled Notebook - A5 Size, 70 GSM, 300 Pages",₹ 153.00,1,1595403616.516992
https://www.amazon.in/AmazonBasics-Classic-Notebook-Plain-130mm/dp/B01DN8TB5U/ref=sr_1_14?dchild=1&keywords=notebook&qid=1595401671&sr=8-14,B01DN8TB5U,"{'name': 'Notebook', 'url': 'https://www.amazon.in/s?k=notebook'}","AmazonBasics Classic Notebook, Plain - (130mm x 210mm) - 240 pages (Black)",₹ 349.00,1,1595403636.873467
https://www.amazon.in/Classmate-Premium-Subject-Notebook-Single/dp/B00LZLQ624/ref=sr_1_16?dchild=1&keywords=notebook&qid=1595401671&sr=8-16,B00LZLQ624,"{'name': 'Notebook', 'url': 'https://www.amazon.in/s?k=notebook'}","Classmate Soft Cover 6 Subject Spiral Binding Notebook, Single Line, 300 Pages",₹ 158.00,1,1595403651.28519
https://www.amazon.in/Doodle-Unicorn-Notebook-80GSM-Multicolour/dp/B07MQB4ZFT/ref=sr_1_48?dchild=1&keywords=notebook&qid=1595401671&sr=8-48,B07MQB4ZFT,"{'name': 'Notebook', 'url': 'https://www.amazon.in/s?k=notebook'}","Doodle Unicorn A5 Size Notebook, 80GSM (Multicolour)",₹ 312.00,1,1595403663.052068
https://www.amazon.in/Luxor-Subject-Premium-Exercise-Notebook/dp/B07Q6XTPPZ/ref=sr_1_43?dchild=1&keywords=notebook&qid=1595401671&sr=8-43#customerReviews,B07Q6XTPPZ,"{'name': 'Notebook', 'url': 'https://www.amazon.in/s?k=notebook'}","Luxor 1 Subject Spiral Premium Exercise Notebook, Single Ruled - (21cm x 29.7cm), 160 Pages",₹ 99.00,1,1595403681.535947
https://www.amazon.in/Drapvision-Majestic-Notebook-Enriched-Design/dp/B084TVJMCM/ref=sr_1_40?dchild=1&keywords=notebook&qid=1595401671&sr=8-40#customerReviews,B084TVJMCM,"{'name': 'Notebook', 'url': 'https://www.amazon.in/s?k=notebook'}","Drapvision Majestic Series Notebook, A5, Enriched Bond Pages, Plain, Design: Pure Black",₹ 99.00,1,1595403694.197174
https://www.amazon.in/Luxor-Subject-Premium-Exercise-Notebook/dp/B07QHNDF4C/ref=sr_1_24?dchild=1&keywords=notebook&qid=1595401671&sr=8-24,B07QHNDF4C,"{'name': 'Notebook', 'url': 'https://www.amazon.in/s?k=notebook'}","Luxor 1 Subject Spine Taped Premium Exercise Notebook, Single Ruled - (21cm x 29.7cm), 180 Pages",₹ 95.00,1,1595403714.541194
https://www.amazon.in/Classmate-Pulse-Single-5-Subject-Notebook/dp/B075FR13TK/ref=sr_1_29?dchild=1&keywords=notebook&qid=1595401671&sr=8-29#customerReviews,B075FR13TK,"{'name': 'Notebook', 'url': 'https://www.amazon.in/s?k=notebook'}","Classmate 2100128 Soft Cover 5 Subject Spiral Binding Notebook, Single Line, 250 Pages (Assorted cover design)",₹ 110.00,1,1595403731.926777
https://www.amazon.in/Luxor-Subject-Premium-Exercise-Notebook/dp/B07Q6XTPP9/ref=sr_1_11?dchild=1&keywords=notebook&qid=1595401671&sr=8-11#customerReviews,B07Q6XTPP9,"{'name': 'Notebook', 'url': 'https://www.amazon.in/s?k=notebook'}","Luxor 6 Subject Spiral Premium Exercise Notebook, Single Ruled - (18cm x 24cm), 300 Pages",₹ 120.00,1,1595403755.388598
https://www.amazon.in/Luxor-Subject-Premium-Exercise-Notebook/dp/B07Q4P3TC8/ref=sr_1_31?dchild=1&keywords=notebook&qid=1595401671&sr=8-31,B07Q4P3TC8,"{'name': 'Notebook', 'url': 'https://www.amazon.in/s?k=notebook'}","Luxor 5 Subject Spiral Premium Exercise Notebook, Single Ruled - (20.3cm x 26.7cm), 250 Pages",₹ 117.00,1,1595403763.924813
https://www.amazon.in/Classmate-Pulse-Spiral-Notebook-Unruled/dp/B00P93X2H6/ref=sr_1_13?dchild=1&keywords=notebook&qid=1595401671&sr=8-13#customerReviews,B00P93X2H6,"{'name': 'Notebook', 'url': 'https://www.amazon.in/s?k=notebook'}","Classmate Pulse Spiral Notebook - 240 mm x 180 mm, Soft Cover, 180 Pages, Unruled",₹ 75.00,1,1595403778.432357
https://www.amazon.in/Magickrafts-Unruled-Notebooks-Plain-Pages/dp/B081H8YMJX/ref=sr_1_37?dchild=1&keywords=notebook&qid=1595401671&sr=8-37,B081H8YMJX,"{'name': 'Notebook', 'url': 'https://www.amazon.in/s?k=notebook'}",,,1,1595403789.396646
https://www.amazon.in/Luxor-Subject-Single-Ruled-Notebook/dp/B00LHZWD0C/ref=sr_1_55?dchild=1&keywords=notebook&qid=1595401671&sr=8-55,B00LHZWD0C,"{'name': 'Notebook', 'url': 'https://www.amazon.in/s?k=notebook'}","Luxor 5 Subject Single Ruled Notebook - A4, 70 GSM, 300 pages",₹ 289.00,1,1595403811.440554
https://www.amazon.in/Luxor-Subject-Premium-Exercise-Notebook/dp/B07Q95B1PT/ref=sr_1_38?dchild=1&keywords=notebook&qid=1595401671&sr=8-38#customerReviews,B07Q95B1PT,"{'name': 'Notebook', 'url': 'https://www.amazon.in/s?k=notebook'}","Luxor 1 Subject Spiral Premium Exercise Notebook, Single Ruled - (18cm x 24cm), 180 Pages",₹ 75.00,1,1595403825.082442
https://www.amazon.in/Lauret-Notebook-Journal-Natural-Shade/dp/B07YCV3W9Z/ref=sr_1_41?dchild=1&keywords=notebook&qid=1595401671&sr=8-41,B07YCV3W9Z,"{'name': 'Notebook', 'url': 'https://www.amazon.in/s?k=notebook'}","Lauret Blanc Ruled Notebook Diary Journal- A5 Size, 144 Ruled Pages, 80 GSM Natural Shade. (Style 12)",₹ 219.00,1,1595403839.446208
https://www.amazon.in/Classmate-Hard-Unruled-Long-Book/dp/B0751FRWJW/ref=sr_1_33?dchild=1&keywords=notebook&qid=1595401671&sr=8-33#customerReviews,B0751FRWJW,"{'name': 'Notebook', 'url': 'https://www.amazon.in/s?k=notebook'}",,,1,1595403879.589682
https://www.amazon.in/Classmate-Notebook-Single-Line-Pages/dp/B086Q2PJDW/ref=sr_1_45?dchild=1&keywords=notebook&qid=1595401671&sr=8-45,B086Q2PJDW,"{'name': 'Notebook', 'url': 'https://www.amazon.in/s?k=notebook'}","Classmate Notebook - Single Line, 172 Pages, 240 mm x 180 mm - Pack Of 4",₹ 190.00,1,1595403901.846114
https://www.amazon.in/Luxor-Subject-Premium-Exercise-Notebook/dp/B07ZNRS3L5/ref=sr_1_39?dchild=1&keywords=notebook&qid=1595401671&sr=8-39,B07ZNRS3L5,"{'name': 'Notebook', 'url': 'https://www.amazon.in/s?k=notebook'}","Luxor 1 Subject Spine Taped Premium Exercise Notebook, Single Ruled - (21cm X 29.7cm), 180 Pages, Pack of 3",₹ 271.00,1,1595403919.604866
https://www.amazon.in/Navneet-HQ-Ganesha-Bound-Notebook/dp/B082NJ1BVK/ref=sr_1_52?dchild=1&keywords=notebook&qid=1595401671&sr=8-52#customerReviews,B082NJ1BVK,"{'name': 'Notebook', 'url': 'https://www.amazon.in/s?k=notebook'}",Navneet HQ | Ganesha Series | Case Bound Notebook | WIRO | 14.8 cm X 21 cm | 192 Pages,₹ 150.00,1,1595403931.090711
https://www.amazon.in/AmazonBasics-Classic-Notebook-Plain-130mm/dp/B01DN8TB5U/ref=ice_ac_b_dpb?dchild=1&keywords=notebook&qid=1595401671&sr=8-14,B01DN8TB5U,"{'name': 'Notebook', 'url': 'https://www.amazon.in/s?k=notebook'}","AmazonBasics Classic Notebook, Plain - (130mm x 210mm) - 240 pages (Black)",₹ 349.00,1,1595403944.595733
https://www.amazon.in/Classmate-ITC-Wir-200Pg-Ruld/dp/B07KCSKCB3/ref=sr_1_8?dchild=1&keywords=notebook&qid=1595401671&sr=8-8,B07KCSKCB3,"{'name': 'Notebook', 'url': 'https://www.amazon.in/s?k=notebook'}","Classmate Notebook - Single line, Spiral Binding, 240mm x 180mm, 200 Pages",₹ 60.00,1,1595403961.497757
https://www.amazon.in/Classmate-Premium-Subject-Spiral-Notebook/dp/B00LZLQ0TS/ref=sr_1_34?dchild=1&keywords=notebook&qid=1595401671&sr=8-34#customerReviews,B00LZLQ0TS,"{'name': 'Notebook', 'url': 'https://www.amazon.in/s?k=notebook'}","Classmate Premium 6 Subject Spiral Notebook - 203mm x 267mm, Soft Cover, 300 Pages, Unruled",₹ 145.00,1,1595403972.148939
https://www.amazon.in/Factor-Notes-Journal-Diary-Notebook/dp/B07SCXQY7W/ref=sr_1_7?dchild=1&keywords=notebook&qid=1595401671&sr=8-7#customerReviews,B07SCXQY7W,"{'name': 'Notebook', 'url': 'https://www.amazon.in/s?k=notebook'}",Factor Notes Ruled 90 GSM Natural Shade Paper Notebook/ 112 Pages / B6-120mm X 180mm Journal Diary/ B6R- Sunshine Mixed with a Hurricane,₹ 119.00,1,1595403987.113036
https://www.amazon.in/Factor-Notes-Journal-Diary-Notebook/dp/B07S8N89YD/ref=sr_1_42?dchild=1&keywords=notebook&qid=1595401671&sr=8-42#customerReviews,B07S8N89YD,"{'name': 'Notebook', 'url': 'https://www.amazon.in/s?k=notebook'}",Factor Notes Ruled 90 GSM Natural Shade Paper Notebook/ 96 Pages / B6-120mm X 180mm Journal Diary/ B6R- Idea,₹ 120.00,1,1595404006.240391
https://www.amazon.in/Luxor-Subject-Premium-Exercise-Notebook/dp/B07Q6XTPP9/ref=sr_1_11?dchild=1&keywords=notebook&qid=1595401671&sr=8-11,B07Q6XTPP9,"{'name': 'Notebook', 'url': 'https://www.amazon.in/s?k=notebook'}","Luxor 6 Subject Spiral Premium Exercise Notebook, Single Ruled - (18cm x 24cm), 300 Pages",₹ 120.00,1,1595404014.901864
https://www.amazon.in/Classmate-Hard-Unruled-Long-Book/dp/B0751FRWJW/ref=sr_1_33?dchild=1&keywords=notebook&qid=1595401671&sr=8-33,B0751FRWJW,"{'name': 'Notebook', 'url': 'https://www.amazon.in/s?k=notebook'}",,,1,1595404023.57538
https://www.amazon.in/Luxor-Subject-Premium-Exercise-Notebook/dp/B07Q6XTV4K/ref=sr_1_35?dchild=1&keywords=notebook&qid=1595401671&sr=8-35,B07Q6XTV4K,"{'name': 'Notebook', 'url': 'https://www.amazon.in/s?k=notebook'}","Luxor 5 Subject Spiral Premium Exercise Notebook, Single Ruled - (21cm x 29.7cm), 250 Pages",₹ 145.00,1,1595404034.870626
https://www.amazon.in/Luxor-Subject-Premium-Exercise-Notebook/dp/B07Q3QV7X5/ref=sr_1_25?dchild=1&keywords=notebook&qid=1595401671&sr=8-25,B07Q3QV7X5,"{'name': 'Notebook', 'url': 'https://www.amazon.in/s?k=notebook'}","Luxor 6 Subject Spiral Premium Exercise Notebook, Single Ruled - (21cm x 29.7cm), 300 Pages",₹ 145.00,1,1595404048.12067
https://www.amazon.in/Paperkraft-Signature-Notebook-Single-Pattern/dp/B00P93WUJ2/ref=sr_1_12?dchild=1&keywords=notebook&qid=1595401671&sr=8-12#customerReviews,B00P93WUJ2,"{'name': 'Notebook', 'url': 'https://www.amazon.in/s?k=notebook'}","Paperkraft Signature Notebook - 148 mm x 216 mm, Hard Cover, 224 Pages, Single Line (Cover Pattern May Very)",₹ 119.00,1,1595404059.095135
https://www.amazon.in/Classmate-Selfie-Single-6-Subject-Notebook/dp/B075FT2F2K/ref=sr_1_15?dchild=1&keywords=notebook&qid=1595401671&sr=8-15#customerReviews,B075FT2F2K,"{'name': 'Notebook', 'url': 'https://www.amazon.in/s?k=notebook'}","Classmate Pulse 6 Subject Notebook - Single Line, 300 Pages, Spiral Binding, 240mm*180mm",₹ 125.00,1,1595404079.586854
https://www.amazon.in/Classmate-Pulse-Spiral-Notebook-Unruled/dp/B00P93X2H6/ref=sr_1_13?dchild=1&keywords=notebook&qid=1595401671&sr=8-13,B00P93X2H6,"{'name': 'Notebook', 'url': 'https://www.amazon.in/s?k=notebook'}","Classmate Pulse Spiral Notebook - 240 mm x 180 mm, Soft Cover, 180 Pages, Unruled",₹ 75.00,1,1595404087.057709
https://www.amazon.in/TARGET-PUBLICATIONS-Notebooks-Writing-Numbers/dp/B081CYTHDK/ref=sr_1_19?dchild=1&keywords=notebook&qid=1595401671&sr=8-19,B081CYTHDK,"{'name': 'Notebook', 'url': 'https://www.amazon.in/s?k=notebook'}","TARGET PUBLICATIONS Long Notebooks Single Line | 164 Ruled Pages | 20 cm x 28 cm Approx | Writing Book with Page Numbers | for School, College and Office Use | Soft Cover | Pack of 6 Books | GSM 58",₹ 390.00,1,1595404095.100175
https://www.amazon.in/Factor-Notes-2-1-Notebook/dp/B081B14SKZ/ref=sr_1_20?dchild=1&keywords=notebook&qid=1595401671&sr=8-20#customerReviews,B081B14SKZ,"{'name': 'Notebook', 'url': 'https://www.amazon.in/s?k=notebook'}",Factor Notes 2-in-1 pack Dotted Bullet Grid 90 GSM Natural Shade Paper Notebook/ 320 Pages/ A5-140mm x 210 mm/ A5D- Kraft 2-in-1,₹ 265.00,1,1595404104.950188
